empty name,neighbor name,dist,not empty name,neighbor name,dist,coef
5_115.tif,24_19.tif,5726.27968231,5_11.tif,24_19.tif,6045.77588073,0.140085162804
5_115.tif,24_19.tif,5726.27968231,5_116.tif,24_19.tif,6059.53141753,0.104756082135
5_62.tif,24_19.tif,5800.63436186,5_116.tif,24_19.tif,6059.53141753,0.104756082135
5_62.tif,24_19.tif,5800.63436186,5_116.tif,24_19.tif,6059.53141753,0.104756082135
5_78.tif,24_19.tif,5828.76204695,5_23.tif,24_19.tif,6065.11533279,0.169896686854
5_78.tif,24_19.tif,5828.76204695,5_23.tif,24_19.tif,6065.11533279,0.169896686854
5_61.tif,24_19.tif,5833.96708938,5_7.tif,24_19.tif,6066.82528181,0.161521091667
5_4.tif,24_19.tif,5896.80820444,5_63.tif,24_19.tif,6093.4341713,0.168208980092
5_50.tif,24_19.tif,5912.48568709,8_110.tif,24_19.tif,6170.50070902,0.210078058276
2_95.tif,25_6.tif,5930.26963974,8_50.tif,26_98.tif,6198.68913562,0.231820402305
2_57.tif,25_75.tif,5937.49955789,2_84.tif,12_98.tif,6213.49523215,0.105141771808
2_57.tif,25_75.tif,5937.49955789,2_84.tif,12_98.tif,6213.49523215,0.105141771808
2_71.tif,25_75.tif,5942.50469078,7_73.tif,12_98.tif,6215.90508293,0.206600801597
2_31.tif,32_8.tif,5972.66448078,7_73.tif,12_98.tif,6215.90508293,0.206600801597
2_31.tif,32_8.tif,5972.66448078,5_66.tif,24_19.tif,6226.31817369,0.180729872577
5_38.tif,24_19.tif,6000.68196124,5_73.tif,24_19.tif,6227.9053461,0.131089418702
5_38.tif,24_19.tif,6000.68196124,5_73.tif,24_19.tif,6227.9053461,0.131089418702
5_38.tif,24_19.tif,6000.68196124,5_83.tif,24_19.tif,6237.93010541,0.139684520096
5_14.tif,24_19.tif,6003.51430414,5_114.tif,24_19.tif,6242.16292642,0.12783081004
2_110.tif,25_6.tif,6008.73572393,5_114.tif,24_19.tif,6242.16292642,0.12783081004
5_52.tif,24_19.tif,6013.38257556,5_114.tif,24_19.tif,6242.16292642,0.12783081004
8_43.tif,24_19.tif,6024.37540331,5_44.tif,24_19.tif,6260.4464697,0.0467371650868
8_37.tif,26_98.tif,6025.07601612,5_44.tif,24_19.tif,6260.4464697,0.0467371650868
5_111.tif,24_19.tif,6034.47893359,5_44.tif,24_19.tif,6260.4464697,0.0467371650868
5_111.tif,24_19.tif,6034.47893359,7_59.tif,24_19.tif,6267.19115713,0.20488307752
2_70.tif,25_83.tif,6047.53371218,5_48.tif,24_19.tif,6270.22854448,0.139697052994
8_67.tif,26_98.tif,6051.12295363,5_48.tif,24_19.tif,6270.22854448,0.139697052994
2_37.tif,25_83.tif,6051.62490576,5_94.tif,24_19.tif,6284.37761437,0.112861809188
5_72.tif,24_19.tif,6051.8667368,8_30.tif,26_98.tif,6290.22646651,0.218456137021
4_62.tif,24_19.tif,6061.05403375,8_30.tif,26_98.tif,6290.22646651,0.218456137021
4_62.tif,24_19.tif,6061.05403375,2_8.tif,12_98.tif,6302.16661157,0.0227523211991
5_6.tif,24_19.tif,6066.01665016,8_104.tif,26_98.tif,6341.32785779,0.22878561979
5_6.tif,24_19.tif,6066.01665016,4_45.tif,24_19.tif,6344.52543537,0.218928806705
5_6.tif,24_19.tif,6066.01665016,4_26.tif,24_19.tif,6349.47115908,0.167898943625
5_87.tif,24_19.tif,6066.72720666,2_94.tif,24_19.tif,6367.10098868,0.213915631331
5_117.tif,24_19.tif,6073.18927747,2_54.tif,12_98.tif,6379.923824,0.0824929036893
2_68.tif,25_75.tif,6073.80506767,7_22.tif,24_19.tif,6391.09395957,0.195536472278
5_98.tif,24_19.tif,6075.11925809,7_66.tif,24_19.tif,6391.55732197,0.198101524026
5_108.tif,24_19.tif,6078.9900477,7_66.tif,24_19.tif,6391.55732197,0.198101524026
5_108.tif,24_19.tif,6078.9900477,8_83.tif,24_19.tif,6411.44991402,0.199183466879
5_68.tif,24_19.tif,6088.78789251,8_83.tif,24_19.tif,6411.44991402,0.199183466879
5_68.tif,24_19.tif,6088.78789251,8_47.tif,24_19.tif,6417.84605612,0.200947199499
5_101.tif,24_19.tif,6091.30199547,8_47.tif,24_19.tif,6417.84605612,0.200947199499
5_57.tif,24_19.tif,6096.36990348,8_47.tif,24_19.tif,6417.84605612,0.200947199499
8_73.tif,26_98.tif,6100.26048624,8_47.tif,24_19.tif,6417.84605612,0.200947199499
5_96.tif,24_19.tif,6110.72663437,8_75.tif,26_98.tif,6430.27627711,0.202248930265
5_56.tif,24_19.tif,6125.17550769,8_75.tif,26_98.tif,6430.27627711,0.202248930265
5_86.tif,24_19.tif,6136.9138824,8_10.tif,24_19.tif,6435.64930679,0.195489801208
4_102.tif,24_19.tif,6136.91567483,8_66.tif,26_98.tif,6445.20860795,0.210935088147
4_102.tif,24_19.tif,6136.91567483,5_17.tif,24_19.tif,6455.59315633,0.142719190472
4_102.tif,24_19.tif,6136.91567483,7_103.tif,24_19.tif,6455.72985804,0.245364291237
5_99.tif,24_19.tif,6140.11913565,5_107.tif,24_19.tif,6461.45061112,0.154130835183
2_53.tif,24_19.tif,6144.12068566,7_90.tif,12_98.tif,6464.08222411,0.201204765226
4_97.tif,24_19.tif,6146.19272396,5_30.tif,24_19.tif,6469.62162727,0.201120151607
5_118.tif,24_19.tif,6163.40068469,7_67.tif,12_98.tif,6480.31951373,0.230550445135
5_119.tif,24_19.tif,6168.19041535,7_119.tif,12_98.tif,6485.71630585,0.161591405379
5_41.tif,24_19.tif,6184.49561403,6_57.tif,25_6.tif,6487.86644437,0.254414966964
5_58.tif,24_19.tif,6190.30168893,5_112.tif,24_19.tif,6495.94119432,0.203833167736
5_54.tif,24_19.tif,6190.77474958,7_13.tif,12_98.tif,6499.34627482,0.218163307842
5_54.tif,24_19.tif,6190.77474958,5_85.tif,24_19.tif,6501.35670457,0.173289070004
5_92.tif,24_19.tif,6193.58442261,5_85.tif,24_19.tif,6501.35670457,0.173289070004
8_5.tif,26_98.tif,6198.72414292,7_11.tif,24_19.tif,6505.18285677,0.229784926803
2_32.tif,12_98.tif,6221.54667265,5_33.tif,24_19.tif,6505.89279039,0.163262151679
5_102.tif,24_19.tif,6225.16409422,7_118.tif,12_98.tif,6510.9197507,0.249210468396
5_109.tif,24_19.tif,6228.75774132,5_93.tif,24_19.tif,6535.67884768,0.0699522895096
5_13.tif,24_19.tif,6237.6153296,7_108.tif,24_19.tif,6536.2460939,0.172301730375
5_13.tif,24_19.tif,6237.6153296,4_11.tif,24_19.tif,6540.95413529,0.217278833118
5_13.tif,24_19.tif,6237.6153296,7_10.tif,12_98.tif,6546.30918915,0.231224601438
5_13.tif,24_19.tif,6237.6153296,7_15.tif,12_98.tif,6561.96350188,0.197475337857
5_13.tif,24_19.tif,6237.6153296,7_58.tif,24_19.tif,6567.68840613,0.202514853441
8_68.tif,24_19.tif,6239.718343,5_2.tif,24_19.tif,6567.92204582,0.195004195201
8_68.tif,24_19.tif,6239.718343,5_2.tif,24_19.tif,6567.92204582,0.195004195201
8_68.tif,24_19.tif,6239.718343,5_18.tif,24_19.tif,6574.59230675,0.19815643743
5_60.tif,24_19.tif,6242.66673786,7_20.tif,24_19.tif,6575.30828175,0.203569428479
5_89.tif,24_19.tif,6242.67731026,7_20.tif,24_19.tif,6575.30828175,0.203569428479
8_88.tif,24_19.tif,6244.68582076,7_20.tif,24_19.tif,6575.30828175,0.203569428479
8_107.tif,26_98.tif,6245.12738061,6_91.tif,25_20.tif,6576.71840662,0.132337998963
4_21.tif,24_19.tif,6247.46292506,6_91.tif,25_20.tif,6576.71840662,0.132337998963
4_21.tif,24_19.tif,6247.46292506,6_91.tif,25_20.tif,6576.71840662,0.132337998963
4_21.tif,24_19.tif,6247.46292506,5_106.tif,24_19.tif,6576.79116287,0.103294590579
7_105.tif,12_98.tif,6250.53181737,5_95.tif,24_19.tif,6578.61239168,0.110110006714
5_12.tif,24_19.tif,6253.04933612,7_75.tif,12_98.tif,6585.14859362,0.170418790003
5_105.tif,24_19.tif,6256.71431344,7_33.tif,12_98.tif,6585.6920669,0.195745297458
10_114.tif,24_19.tif,6259.81932647,7_87.tif,12_98.tif,6587.08676123,0.189855618137
4_13.tif,24_19.tif,6261.89084862,2_58.tif,24_19.tif,6589.08377546,0.00845766094929
4_12.tif,24_19.tif,6286.42656841,2_58.tif,24_19.tif,6589.08377546,0.00845766094929
2_67.tif,25_11.tif,6292.41956643,2_58.tif,24_19.tif,6589.08377546,0.00845766094929
7_18.tif,24_19.tif,6293.57831444,6_50.tif,24_19.tif,6597.44533892,0.205663162683
7_68.tif,24_19.tif,6318.2787213,6_50.tif,24_19.tif,6597.44533892,0.205663162683
5_43.tif,24_19.tif,6328.94872787,6_50.tif,24_19.tif,6597.44533892,0.205663162683
10_40.tif,25_6.tif,6342.51022861,6_13.tif,24_19.tif,6609.6353152,0.233319368153
8_65.tif,24_19.tif,6350.38597252,6_13.tif,24_19.tif,6609.6353152,0.233319368153
8_22.tif,24_19.tif,6350.65421827,6_13.tif,24_19.tif,6609.6353152,0.233319368153
8_22.tif,24_19.tif,6350.65421827,6_7.tif,24_19.tif,6610.19228162,0.213744522617
6_92.tif,26_102.tif,6357.26151735,6_7.tif,24_19.tif,6610.19228162,0.213744522617
2_33.tif,25_83.tif,6380.87337282,7_52.tif,12_98.tif,6618.89696249,0.235669644855
8_20.tif,26_98.tif,6384.9176972,6_45.tif,24_19.tif,6620.46471179,0.181900719911
4_66.tif,24_19.tif,6394.51084916,6_1.tif,24_19.tif,6625.39727111,0.20386976505
4_66.tif,24_19.tif,6394.51084916,7_82.tif,12_98.tif,6631.92083789,0.223770393165
4_107.tif,24_19.tif,6394.92306443,6_48.tif,24_19.tif,6632.03219232,0.167459309231
4_69.tif,24_19.tif,6406.54056414,10_32.tif,23_43.tif,6644.52556621,0.185539318367
8_86.tif,24_19.tif,6409.10703609,10_32.tif,23_43.tif,6644.52556621,0.185539318367
8_11.tif,24_19.tif,6409.23489974,10_32.tif,23_43.tif,6644.52556621,0.185539318367
8_100.tif,24_19.tif,6426.11227726,7_45.tif,24_19.tif,6646.68661816,0.220110639932
8_120.tif,24_19.tif,6430.6651289,7_45.tif,24_19.tif,6646.68661816,0.220110639932
8_112.tif,26_98.tif,6439.28598526,2_23.tif,25_6.tif,6690.22675251,0.0459520644679
8_79.tif,24_19.tif,6441.52326705,2_23.tif,25_6.tif,6690.22675251,0.0459520644679
8_79.tif,24_19.tif,6441.52326705,8_38.tif,24_19.tif,6699.46751615,0.190190668553
8_79.tif,24_19.tif,6441.52326705,8_38.tif,24_19.tif,6699.46751615,0.190190668553
8_62.tif,24_19.tif,6441.54833871,6_101.tif,25_20.tif,6700.09268593,0.172546188429
8_29.tif,26_98.tif,6444.47499801,6_101.tif,25_20.tif,6700.09268593,0.172546188429
6_14.tif,24_19.tif,6445.44746313,6_71.tif,24_19.tif,6705.58722261,0.170920977828
6_14.tif,24_19.tif,6445.44746313,8_102.tif,24_19.tif,6725.9041028,0.171519214841
6_120.tif,24_19.tif,6446.34532119,8_102.tif,24_19.tif,6725.9041028,0.171519214841
8_82.tif,26_98.tif,6447.33658188,8_102.tif,24_19.tif,6725.9041028,0.171519214841
2_108.tif,12_56.tif,6448.22107251,8_102.tif,24_19.tif,6725.9041028,0.171519214841
2_55.tif,12_56.tif,6451.63165409,8_18.tif,24_19.tif,6726.56665766,0.207278123969
2_72.tif,25_6.tif,6454.56071317,8_24.tif,24_19.tif,6728.24315851,0.216490125673
6_72.tif,24_19.tif,6457.11770065,7_21.tif,24_19.tif,6729.32894128,0.190215907898
6_19.tif,24_19.tif,6457.54450236,8_117.tif,24_19.tif,6730.52887966,0.188734257749
6_19.tif,24_19.tif,6457.54450236,6_85.tif,24_19.tif,6738.6715308,0.26194844593
8_4.tif,26_98.tif,6469.68044033,6_85.tif,24_19.tif,6738.6715308,0.26194844593
8_60.tif,26_98.tif,6471.17462289,4_28.tif,24_19.tif,6743.31832261,0.238486086123
8_57.tif,26_98.tif,6476.26597663,7_55.tif,26_102.tif,6763.46035695,0.22812409337
8_57.tif,26_98.tif,6476.26597663,7_55.tif,26_102.tif,6763.46035695,0.22812409337
8_97.tif,26_98.tif,6480.55908082,10_18.tif,23_43.tif,6776.05674415,0.212692684095
5_45.tif,24_70.tif,6489.727267,6_58.tif,24_19.tif,6791.72143127,0.198424783408
10_39.tif,23_43.tif,6489.90839689,6_58.tif,24_19.tif,6791.72143127,0.198424783408
10_39.tif,23_43.tif,6489.90839689,10_83.tif,23_43.tif,6796.90929761,0.193171471927
6_59.tif,24_19.tif,6499.51859756,10_83.tif,23_43.tif,6796.90929761,0.193171471927
6_60.tif,24_19.tif,6505.97279429,7_107.tif,24_19.tif,6800.74995864,0.219473273285
8_59.tif,24_19.tif,6508.95506207,7_107.tif,24_19.tif,6800.74995864,0.219473273285
2_64.tif,24_19.tif,6515.72866224,8_9.tif,24_19.tif,6813.87342119,0.144703885575
2_64.tif,24_19.tif,6515.72866224,7_64.tif,24_19.tif,6823.87346014,0.206113971702
4_101.tif,24_19.tif,6519.26859395,7_64.tif,24_19.tif,6823.87346014,0.206113971702
2_65.tif,25_75.tif,6522.10303506,6_16.tif,24_19.tif,6828.00373462,0.197436332989
2_6.tif,24_19.tif,6527.72831849,6_16.tif,24_19.tif,6828.00373462,0.197436332989
2_6.tif,24_19.tif,6527.72831849,2_59.tif,24_19.tif,6838.69263822,0.107270579544
6_62.tif,26_102.tif,6531.42725597,6_39.tif,24_19.tif,6842.52285345,0.16657688084
6_33.tif,24_19.tif,6561.6419439,7_92.tif,24_19.tif,6853.70600478,0.198040093284
6_118.tif,26_102.tif,6568.37628337,7_92.tif,24_19.tif,6853.70600478,0.198040093284
6_113.tif,25_75.tif,6570.43849374,7_92.tif,24_19.tif,6853.70600478,0.198040093284
6_55.tif,26_102.tif,6570.90671065,7_92.tif,24_19.tif,6853.70600478,0.198040093284
7_53.tif,24_19.tif,6572.33816841,10_27.tif,23_43.tif,6856.03186982,0.229287722121
7_102.tif,24_19.tif,6575.73113806,10_27.tif,23_43.tif,6856.03186982,0.229287722121
6_51.tif,25_75.tif,6579.00311597,6_29.tif,26_102.tif,6862.99657584,0.248737316285
8_54.tif,24_19.tif,6580.88071614,4_25.tif,24_19.tif,6864.11960851,0.197070783652
8_54.tif,24_19.tif,6580.88071614,7_38.tif,24_19.tif,6867.18013452,0.218885677893
6_90.tif,32_8.tif,6590.24605003,7_38.tif,24_19.tif,6867.18013452,0.218885677893
6_90.tif,32_8.tif,6590.24605003,7_28.tif,26_102.tif,6872.16785301,0.176036286882
6_112.tif,24_19.tif,6604.15861409,7_30.tif,26_102.tif,6874.07251926,0.200230624136
6_112.tif,24_19.tif,6604.15861409,7_30.tif,26_102.tif,6874.07251926,0.200230624136
2_66.tif,24_19.tif,6607.11215282,10_16.tif,23_43.tif,6874.97359995,0.237006857862
4_94.tif,24_19.tif,6610.8761144,10_16.tif,23_43.tif,6874.97359995,0.237006857862
6_2.tif,25_20.tif,6612.96960525,10_42.tif,23_43.tif,6875.01403635,0.205826654341
6_2.tif,25_20.tif,6612.96960525,7_101.tif,24_19.tif,6878.94417771,0.194936443438
6_67.tif,24_19.tif,6616.74459232,7_104.tif,26_102.tif,6884.53280913,0.200326912648
2_36.tif,24_19.tif,6616.80481804,10_52.tif,23_43.tif,6898.23839832,0.147723635343
6_52.tif,25_20.tif,6621.82686273,7_80.tif,26_102.tif,6910.45454366,0.21101764138
6_49.tif,24_19.tif,6623.51107797,7_80.tif,26_102.tif,6910.45454366,0.21101764138
6_77.tif,32_8.tif,6623.75595867,7_56.tif,26_102.tif,6917.0659965,0.202777868133
6_81.tif,25_6.tif,6623.86835618,7_77.tif,26_102.tif,6932.66911081,0.177604762701
2_39.tif,25_6.tif,6624.7444479,8_16.tif,32_8.tif,6944.61899603,0.234423467033
2_39.tif,25_6.tif,6624.7444479,7_31.tif,24_19.tif,6953.59705476,0.16892695077
2_39.tif,25_6.tif,6624.7444479,7_85.tif,26_102.tif,6959.85301569,0.145262252284
2_39.tif,25_6.tif,6624.7444479,7_85.tif,26_102.tif,6959.85301569,0.145262252284
11_43.tif,24_19.tif,6634.43848415,7_63.tif,26_102.tif,6964.33693901,0.212491167465
11_43.tif,24_19.tif,6634.43848415,10_89.tif,23_43.tif,6971.94277085,0.214582068192
2_86.tif,25_6.tif,6634.5236453,10_89.tif,23_43.tif,6971.94277085,0.214582068192
2_4.tif,12_3.tif,6634.6085039,7_2.tif,26_102.tif,6980.96024913,0.213005776946
2_9.tif,25_75.tif,6635.49749454,7_2.tif,26_102.tif,6980.96024913,0.213005776946
6_115.tif,32_8.tif,6636.96059955,1_33.tif,24_19.tif,6987.70649069,0.0
6_98.tif,26_102.tif,6643.98126126,7_39.tif,26_102.tif,6991.83609648,0.216004412285
2_85.tif,24_19.tif,6656.34584438,7_39.tif,26_102.tif,6991.83609648,0.216004412285
2_46.tif,12_56.tif,6661.29416855,7_39.tif,26_102.tif,6991.83609648,0.216004412285
2_11.tif,25_6.tif,6663.0816444,10_35.tif,23_43.tif,6999.19302491,0.158529474032
2_11.tif,25_6.tif,6663.0816444,10_35.tif,23_43.tif,6999.19302491,0.158529474032
2_50.tif,24_19.tif,6663.19863129,10_35.tif,23_43.tif,6999.19302491,0.158529474032
2_112.tif,25_6.tif,6664.60914083,10_35.tif,23_43.tif,6999.19302491,0.158529474032
4_79.tif,24_19.tif,6670.02068962,7_111.tif,24_19.tif,7000.22571065,0.197002465281
10_12.tif,25_6.tif,6676.96637703,7_111.tif,24_19.tif,7000.22571065,0.197002465281
10_108.tif,25_6.tif,6685.48756636,7_111.tif,24_19.tif,7000.22571065,0.197002465281
10_108.tif,25_6.tif,6685.48756636,7_7.tif,32_8.tif,7001.24474647,0.171305521181
8_33.tif,24_70.tif,6687.39141968,7_95.tif,26_102.tif,7003.31235916,0.198132891487
6_110.tif,26_102.tif,6688.77200987,7_100.tif,32_8.tif,7004.1212154,0.159918690334
6_87.tif,24_19.tif,6689.33741113,7_100.tif,32_8.tif,7004.1212154,0.159918690334
4_24.tif,24_19.tif,6690.06479789,7_5.tif,24_19.tif,7006.90067005,0.161148435016
4_99.tif,24_19.tif,6692.56714572,7_1.tif,26_102.tif,7011.4048521,0.20291167062
2_29.tif,25_75.tif,6702.73742586,10_3.tif,32_8.tif,7011.97711063,0.128531932102
6_3.tif,26_102.tif,6705.57066923,10_3.tif,32_8.tif,7011.97711063,0.128531932102
6_3.tif,26_102.tif,6705.57066923,10_41.tif,32_8.tif,7013.05361451,0.187373146767
6_47.tif,32_8.tif,6710.33657874,10_41.tif,32_8.tif,7013.05361451,0.187373146767
6_80.tif,25_20.tif,6716.85201564,6_108.tif,26_102.tif,7014.2733052,0.267716986209
6_80.tif,25_20.tif,6716.85201564,6_108.tif,26_102.tif,7014.2733052,0.267716986209
2_60.tif,24_19.tif,6717.60433488,10_2.tif,23_43.tif,7022.12097589,0.197021555629
2_60.tif,24_19.tif,6717.60433488,10_2.tif,23_43.tif,7022.12097589,0.197021555629
2_76.tif,25_6.tif,6718.22878443,7_76.tif,26_102.tif,7032.40122575,0.230431934882
2_73.tif,25_6.tif,6718.75196744,10_98.tif,23_43.tif,7046.04364165,0.203224283402
2_73.tif,25_6.tif,6718.75196744,4_5.tif,24_19.tif,7050.49608184,0.238437103765
6_21.tif,25_20.tif,6719.12605924,1_90.tif,24_19.tif,7053.85511618,0.0
11_75.tif,24_19.tif,6722.27662329,1_90.tif,24_19.tif,7053.85511618,0.0
11_75.tif,24_19.tif,6722.27662329,10_55.tif,23_43.tif,7058.17568498,0.19408581339
8_52.tif,24_19.tif,6729.25560519,10_55.tif,23_43.tif,7058.17568498,0.19408581339
8_94.tif,24_19.tif,6729.59716476,4_57.tif,24_19.tif,7071.87980667,0.245424120977
6_9.tif,24_19.tif,6745.95234196,10_84.tif,25_96.tif,7076.86477192,0.193286285053
11_111.tif,24_19.tif,6749.91429575,7_26.tif,24_19.tif,7097.39085862,0.204064680664
8_92.tif,38_41.tif,6751.01503479,7_57.tif,24_19.tif,7097.56268024,0.211432272266
6_56.tif,24_19.tif,6752.10537536,7_71.tif,24_19.tif,7099.62287731,0.203731435789
10_119.tif,23_43.tif,6755.20236558,7_19.tif,24_19.tif,7099.62287731,0.17950188244
8_106.tif,24_19.tif,6756.86088358,7_98.tif,24_19.tif,7099.6481603,0.196264337735
8_49.tif,24_19.tif,6757.33956524,7_98.tif,24_19.tif,7099.6481603,0.196264337735
2_96.tif,25_6.tif,6758.50959902,7_49.tif,24_19.tif,7099.87478763,0.200806091097
6_41.tif,26_102.tif,6764.06083651,7_79.tif,24_19.tif,7099.90126692,0.207934127048
6_41.tif,26_102.tif,6764.06083651,7_79.tif,24_19.tif,7099.90126692,0.207934127048
3_72.tif,26_98.tif,6770.48587621,7_79.tif,24_19.tif,7099.90126692,0.207934127048
2_116.tif,24_19.tif,6777.97698432,7_96.tif,24_19.tif,7099.90915435,0.187077121761
2_116.tif,24_19.tif,6777.97698432,7_96.tif,24_19.tif,7099.90915435,0.187077121761
6_53.tif,24_19.tif,6782.05249169,7_96.tif,24_19.tif,7099.90915435,0.187077121761
2_101.tif,25_6.tif,6785.09307232,7_61.tif,24_19.tif,7099.9252813,0.159469213395
2_101.tif,25_6.tif,6785.09307232,7_61.tif,24_19.tif,7099.9252813,0.159469213395
2_101.tif,25_6.tif,6785.09307232,7_65.tif,24_19.tif,7100.06901375,0.192254219325
2_47.tif,25_6.tif,6790.06494814,7_25.tif,24_19.tif,7100.12753407,0.190657610798
6_97.tif,24_19.tif,6792.13692441,10_46.tif,23_43.tif,7105.68061483,0.232579328923
4_70.tif,24_19.tif,6793.59654381,10_46.tif,23_43.tif,7105.68061483,0.232579328923
4_42.tif,24_19.tif,6816.04100633,4_46.tif,26_81.tif,7116.12520969,0.175458187199
10_79.tif,23_43.tif,6823.17528721,4_115.tif,32_8.tif,7144.50313178,0.209838442969
10_79.tif,23_43.tif,6823.17528721,4_115.tif,32_8.tif,7144.50313178,0.209838442969
2_17.tif,25_6.tif,6823.88283897,4_115.tif,32_8.tif,7144.50313178,0.209838442969
10_62.tif,23_43.tif,6823.98593199,10_68.tif,23_43.tif,7149.02084205,0.174950437727
10_62.tif,23_43.tif,6823.98593199,4_59.tif,24_19.tif,7164.21544902,0.153136658046
6_79.tif,24_19.tif,6825.09208729,3_22.tif,19_4.tif,7200.41005777,0.0642057769717
7_89.tif,24_19.tif,6825.46958092,10_104.tif,23_100.tif,7204.46160376,0.188842500151
2_49.tif,24_19.tif,6826.83235476,10_104.tif,23_100.tif,7204.46160376,0.188842500151
6_22.tif,25_6.tif,6827.24380698,6_24.tif,24_19.tif,7207.97551328,0.0
4_64.tif,24_19.tif,6833.71048553,3_84.tif,32_8.tif,7214.77678102,0.208734703043
4_64.tif,24_19.tif,6833.71048553,3_84.tif,32_8.tif,7214.77678102,0.208734703043
8_40.tif,25_107.tif,6836.71990065,3_17.tif,24_19.tif,7218.67730266,0.22534543551
2_13.tif,25_75.tif,6838.08862183,3_17.tif,24_19.tif,7218.67730266,0.22534543551
4_7.tif,25_120.tif,6843.10594686,3_64.tif,27_37.tif,7264.80791212,0.127536168602
4_14.tif,24_19.tif,6847.85747515,3_64.tif,27_37.tif,7264.80791212,0.127536168602
6_119.tif,24_19.tif,6849.84999836,3_73.tif,24_19.tif,7276.42501507,0.0747355750476
6_119.tif,24_19.tif,6849.84999836,3_70.tif,32_8.tif,7280.80668608,0.117921032204
2_90.tif,24_19.tif,6850.49516458,10_36.tif,23_100.tif,7283.43359961,0.207908226746
11_19.tif,24_19.tif,6855.88200015,10_95.tif,25_6.tif,7315.641667,0.149705197736
10_63.tif,25_75.tif,6858.69295128,3_97.tif,19_4.tif,7316.66167046,0.255550754825
2_63.tif,24_19.tif,6860.07252148,3_97.tif,19_4.tif,7316.66167046,0.255550754825
2_2.tif,25_83.tif,6862.26128911,3_77.tif,26_98.tif,7317.58655569,0.232617183743
11_78.tif,24_19.tif,6862.48795992,3_77.tif,26_98.tif,7317.58655569,0.232617183743
9_32.tif,24_19.tif,6863.03591714,3_77.tif,26_98.tif,7317.58655569,0.232617183743
9_32.tif,24_19.tif,6863.03591714,3_76.tif,25_6.tif,7333.90216733,0.256897045836
10_94.tif,23_43.tif,6863.11955309,3_25.tif,32_8.tif,7343.05794611,0.000187127499322
11_57.tif,24_19.tif,6866.30031385,3_25.tif,32_8.tif,7343.05794611,0.000187127499322
6_111.tif,24_19.tif,6868.04491832,3_25.tif,32_8.tif,7343.05794611,0.000187127499322
2_35.tif,25_6.tif,6870.25639987,3_30.tif,25_6.tif,7346.22556147,0.283578085772
4_33.tif,24_19.tif,6870.38128491,3_96.tif,25_6.tif,7347.49168084,0.234454774486
10_23.tif,32_8.tif,6873.63877433,3_63.tif,19_4.tif,7357.16582659,0.203608484453
6_23.tif,24_19.tif,6881.20505435,9_85.tif,26_98.tif,7374.30464519,0.215760999457
6_23.tif,24_19.tif,6881.20505435,9_85.tif,26_98.tif,7374.30464519,0.215760999457
3_44.tif,24_19.tif,6881.27262939,10_87.tif,25_36.tif,7379.35037791,0.197774303721
3_44.tif,24_19.tif,6881.27262939,10_87.tif,25_36.tif,7379.35037791,0.197774303721
2_40.tif,25_75.tif,6881.55062468,10_87.tif,25_36.tif,7379.35037791,0.197774303721
6_89.tif,24_19.tif,6885.3805995,3_113.tif,25_6.tif,7381.55017595,0.176422764228
10_115.tif,32_8.tif,6885.51130999,3_29.tif,19_4.tif,7381.61750567,0.110022791706
9_88.tif,24_19.tif,6906.15754237,3_29.tif,19_4.tif,7381.61750567,0.110022791706
10_17.tif,25_6.tif,6908.48753346,10_70.tif,25_6.tif,7386.51101671,0.191457790255
2_78.tif,24_19.tif,6909.74189098,10_70.tif,25_6.tif,7386.51101671,0.191457790255
2_78.tif,24_19.tif,6909.74189098,10_70.tif,25_6.tif,7386.51101671,0.191457790255
2_78.tif,24_19.tif,6909.74189098,10_70.tif,25_6.tif,7386.51101671,0.191457790255
2_78.tif,24_19.tif,6909.74189098,4_95.tif,26_65.tif,7390.39917731,0.176022354467
6_95.tif,24_19.tif,6912.65911209,2_81.tif,24_19.tif,7390.93289105,0.0
6_95.tif,24_19.tif,6912.65911209,3_66.tif,32_8.tif,7397.39143212,0.0623424658177
10_13.tif,23_43.tif,6913.60998321,10_72.tif,25_36.tif,7417.44147264,0.145526228564
10_13.tif,23_43.tif,6913.60998321,10_72.tif,25_36.tif,7417.44147264,0.145526228564
4_58.tif,24_19.tif,6919.61617433,10_72.tif,25_36.tif,7417.44147264,0.145526228564
4_58.tif,24_19.tif,6919.61617433,1_29.tif,24_19.tif,7421.71631094,0.212488364355
10_53.tif,23_43.tif,6929.88282729,1_29.tif,24_19.tif,7421.71631094,0.212488364355
7_47.tif,24_19.tif,6933.42995926,1_29.tif,24_19.tif,7421.71631094,0.212488364355
3_82.tif,24_19.tif,6942.25827811,10_60.tif,25_36.tif,7435.26529453,0.25104250981
10_59.tif,23_43.tif,6942.55385287,10_60.tif,25_36.tif,7435.26529453,0.25104250981
6_106.tif,26_102.tif,6954.05852722,3_12.tif,32_8.tif,7458.14822862,0.202824313043
6_106.tif,26_102.tif,6954.05852722,4_18.tif,26_81.tif,7464.79095488,0.217883807904
2_18.tif,24_19.tif,6961.57316991,10_1.tif,25_6.tif,7470.44162015,0.169689724283
2_18.tif,24_19.tif,6961.57316991,4_35.tif,26_102.tif,7484.75904756,0.254650921445
10_65.tif,23_43.tif,6961.57870027,3_111.tif,32_8.tif,7491.6016979,0.0
10_5.tif,23_43.tif,6969.57229678,4_8.tif,26_81.tif,7499.48751582,0.241550941317
10_61.tif,23_43.tif,6970.81516037,11_55.tif,32_8.tif,7499.61158994,0.233539988134
7_69.tif,26_102.tif,6970.8444969,4_75.tif,26_81.tif,7503.4162886,0.207569029503
10_10.tif,23_43.tif,6971.15298928,9_64.tif,25_36.tif,7506.68542034,0.0811322740187
8_87.tif,26_102.tif,6972.75827775,9_116.tif,24_19.tif,7507.4082079,0.239126891161
10_85.tif,23_43.tif,6999.71720857,9_116.tif,24_19.tif,7507.4082079,0.239126891161
2_104.tif,25_75.tif,6999.79628275,1_106.tif,31_15.tif,7512.16886125,0.21272337866
1_76.tif,24_19.tif,7000.85916156,9_74.tif,12_42.tif,7527.39164651,0.213696721349
10_77.tif,23_43.tif,7001.32837396,9_74.tif,12_42.tif,7527.39164651,0.213696721349
10_77.tif,23_43.tif,7001.32837396,10_4.tif,25_6.tif,7528.43310391,0.189636659805
2_107.tif,25_75.tif,7001.608101,10_109.tif,25_6.tif,7536.80927183,0.168418208023
2_107.tif,25_75.tif,7001.608101,3_58.tif,26_102.tif,7538.48433042,0.228732332814
10_107.tif,23_43.tif,7003.93368044,1_14.tif,24_19.tif,7538.88440023,0.217164521504
8_2.tif,26_81.tif,7020.68038013,3_47.tif,25_36.tif,7542.00377884,0.240017842642
4_120.tif,26_81.tif,7030.16422283,3_24.tif,32_8.tif,7543.29569883,0.0
4_120.tif,26_81.tif,7030.16422283,4_81.tif,26_112.tif,7545.31099425,0.245353360466
7_36.tif,24_70.tif,7036.87473244,1_51.tif,24_19.tif,7550.71003284,0.228438492108
7_36.tif,24_70.tif,7036.87473244,3_105.tif,26_95.tif,7552.58114819,0.191441970717
7_36.tif,24_70.tif,7036.87473244,3_105.tif,26_95.tif,7552.58114819,0.191441970717
1_103.tif,24_19.tif,7041.64142796,3_5.tif,31_71.tif,7555.0348113,0.00011416778273
1_103.tif,24_19.tif,7041.64142796,3_5.tif,31_71.tif,7555.0348113,0.00011416778273
1_103.tif,24_19.tif,7041.64142796,3_109.tif,24_19.tif,7555.34003206,0.0757604726752
6_40.tif,26_102.tif,7041.81773408,3_109.tif,24_19.tif,7555.34003206,0.0757604726752
6_40.tif,26_102.tif,7041.81773408,9_41.tif,26_38.tif,7556.00946267,0.0
6_42.tif,24_19.tif,7043.06311203,9_41.tif,26_38.tif,7556.00946267,0.0
6_42.tif,24_19.tif,7043.06311203,4_6.tif,26_81.tif,7559.23977659,0.176011927203
6_11.tif,24_19.tif,7043.55670099,4_6.tif,26_81.tif,7559.23977659,0.176011927203
6_11.tif,24_19.tif,7043.55670099,4_96.tif,26_81.tif,7560.50765491,0.253784677183
10_6.tif,26_102.tif,7045.18189971,9_43.tif,27_27.tif,7562.37773455,0.224537048869
4_119.tif,24_19.tif,7052.30012124,10_81.tif,25_6.tif,7562.84047167,0.160709082535
7_109.tif,32_8.tif,7054.97349393,10_97.tif,25_6.tif,7568.06831365,0.200719622994
6_105.tif,26_102.tif,7059.57810354,9_97.tif,26_98.tif,7582.3049266,0.275537509524
10_116.tif,23_43.tif,7061.11258939,9_97.tif,26_98.tif,7582.3049266,0.275537509524
3_53.tif,32_8.tif,7063.81327613,9_45.tif,26_98.tif,7587.01660734,0.227059856179
3_53.tif,32_8.tif,7063.81327613,11_30.tif,24_19.tif,7587.80258046,0.0
7_88.tif,26_102.tif,7066.00382111,10_91.tif,25_6.tif,7589.72608201,0.158865068673
1_110.tif,24_19.tif,7073.97540284,9_92.tif,12_42.tif,7590.99380845,0.186578367285
1_6.tif,24_19.tif,7075.08932806,9_92.tif,12_42.tif,7590.99380845,0.186578367285
10_103.tif,23_15.tif,7082.94882094,1_43.tif,24_19.tif,7598.09640634,0.20660820214
10_103.tif,23_15.tif,7082.94882094,1_43.tif,24_19.tif,7598.09640634,0.20660820214
2_1.tif,24_19.tif,7085.57499431,1_43.tif,24_19.tif,7598.09640634,0.20660820214
3_33.tif,25_75.tif,7095.98400506,1_43.tif,24_19.tif,7598.09640634,0.20660820214
3_74.tif,32_8.tif,7099.3285598,1_109.tif,24_19.tif,7599.45162495,0.213539992216
4_88.tif,24_19.tif,7103.60373332,1_109.tif,24_19.tif,7599.45162495,0.213539992216
4_88.tif,24_19.tif,7103.60373332,1_53.tif,31_15.tif,7603.64432361,0.197055762082
1_48.tif,24_19.tif,7123.28463562,1_53.tif,31_15.tif,7603.64432361,0.197055762082
1_81.tif,24_19.tif,7123.59249256,11_1.tif,32_8.tif,7610.77361377,0.142563600289
10_86.tif,23_43.tif,7124.79641814,11_1.tif,32_8.tif,7610.77361377,0.142563600289
2_109.tif,24_19.tif,7125.52475261,3_115.tif,26_65.tif,7631.08714404,0.226018301788
3_110.tif,24_19.tif,7125.55373287,1_56.tif,24_19.tif,7631.42601353,0.179607700009
1_47.tif,24_19.tif,7136.689919,1_56.tif,24_19.tif,7631.42601353,0.179607700009
10_90.tif,25_6.tif,7140.94062432,1_118.tif,24_19.tif,7632.96508573,0.200917574736
4_55.tif,24_19.tif,7144.31025362,1_118.tif,24_19.tif,7632.96508573,0.200917574736
4_9.tif,25_48.tif,7145.77672475,3_4.tif,26_95.tif,7636.45480573,0.203928022104
4_40.tif,38_41.tif,7148.6149008,3_4.tif,26_95.tif,7636.45480573,0.203928022104
4_72.tif,24_19.tif,7162.18067351,9_100.tif,24_19.tif,7637.63045715,0.215289127037
4_91.tif,24_19.tif,7171.13924004,1_27.tif,24_19.tif,7644.94617378,0.237701789166
8_7.tif,24_19.tif,7173.39940335,1_101.tif,24_19.tif,7645.58774719,0.216938026632
10_73.tif,26_81.tif,7175.04675943,9_86.tif,12_42.tif,7646.88727523,0.196759107773
4_15.tif,24_19.tif,7189.489968,1_88.tif,24_19.tif,7647.94442971,0.238751804727
1_30.tif,32_8.tif,7192.21544449,1_36.tif,24_19.tif,7648.54750917,0.230790888493
1_30.tif,32_8.tif,7192.21544449,1_36.tif,24_19.tif,7648.54750917,0.230790888493
10_75.tif,25_6.tif,7195.7212981,10_11.tif,25_6.tif,7650.08287537,0.19442362902
1_117.tif,24_19.tif,7200.40929392,11_14.tif,32_8.tif,7654.80319799,0.0300582348528
4_100.tif,24_19.tif,7236.35232697,9_29.tif,24_19.tif,7656.38929261,0.189947643177
4_100.tif,24_19.tif,7236.35232697,9_29.tif,24_19.tif,7656.38929261,0.189947643177
4_50.tif,24_19.tif,7246.94942717,1_23.tif,24_19.tif,7664.73071934,0.213738627097
1_12.tif,24_19.tif,7247.65127472,1_1.tif,26_102.tif,7671.29878182,0.10862197239
1_12.tif,24_19.tif,7247.65127472,1_1.tif,26_102.tif,7671.29878182,0.10862197239
3_59.tif,24_19.tif,7256.98194844,9_28.tif,24_19.tif,7672.10505663,0.224790497184
4_114.tif,24_19.tif,7257.42047838,9_28.tif,24_19.tif,7672.10505663,0.224790497184
4_104.tif,24_19.tif,7259.81087908,9_28.tif,24_19.tif,7672.10505663,0.224790497184
4_104.tif,24_19.tif,7259.81087908,1_75.tif,24_19.tif,7676.06396534,0.236392472176
3_99.tif,24_19.tif,7262.40669475,1_74.tif,24_19.tif,7676.10207071,0.232458662662
3_99.tif,24_19.tif,7262.40669475,1_74.tif,24_19.tif,7676.10207071,0.232458662662
3_7.tif,24_19.tif,7266.28096071,1_74.tif,24_19.tif,7676.10207071,0.232458662662
3_7.tif,24_19.tif,7266.28096071,1_74.tif,24_19.tif,7676.10207071,0.232458662662
9_50.tif,24_70.tif,7266.76936472,1_96.tif,24_19.tif,7676.49548948,0.222730502399
3_90.tif,24_19.tif,7267.87486133,1_96.tif,24_19.tif,7676.49548948,0.222730502399
9_87.tif,24_19.tif,7271.76244111,1_96.tif,24_19.tif,7676.49548948,0.222730502399
9_87.tif,24_19.tif,7271.76244111,1_67.tif,24_19.tif,7683.94065568,0.211521535674
4_77.tif,24_19.tif,7291.67696761,1_85.tif,24_19.tif,7689.33664239,0.227186547556
1_93.tif,20_23.tif,7298.69084151,1_85.tif,24_19.tif,7689.33664239,0.227186547556
4_92.tif,24_19.tif,7309.91682579,1_85.tif,24_19.tif,7689.33664239,0.227186547556
4_92.tif,24_19.tif,7309.91682579,9_33.tif,25_36.tif,7690.27437742,0.168466057476
10_22.tif,25_6.tif,7311.04534249,1_113.tif,24_19.tif,7691.49400312,0.23214778307
10_22.tif,25_6.tif,7311.04534249,1_113.tif,24_19.tif,7691.49400312,0.23214778307
10_22.tif,25_6.tif,7311.04534249,1_113.tif,24_19.tif,7691.49400312,0.23214778307
9_103.tif,24_19.tif,7311.47809954,11_13.tif,26_98.tif,7692.93390066,0.185677424522
1_102.tif,24_19.tif,7313.89649913,11_42.tif,26_98.tif,7692.93390066,0.16084217031
3_55.tif,24_19.tif,7322.13548086,11_20.tif,26_98.tif,7693.01793836,0.236280303309
3_55.tif,24_19.tif,7322.13548086,11_20.tif,26_98.tif,7693.01793836,0.236280303309
3_55.tif,24_19.tif,7322.13548086,11_23.tif,26_98.tif,7693.17834188,0.14674898586
3_100.tif,25_75.tif,7326.15915743,9_107.tif,25_36.tif,7696.56001081,0.106388705101
3_100.tif,25_75.tif,7326.15915743,1_111.tif,24_19.tif,7703.31052211,0.24475464356
3_100.tif,25_75.tif,7326.15915743,11_12.tif,26_98.tif,7703.49745246,0.202751056734
10_111.tif,25_6.tif,7341.7346043,3_38.tif,26_65.tif,7710.20583383,0.222394588146
3_62.tif,24_19.tif,7343.38123755,3_38.tif,26_65.tif,7710.20583383,0.222394588146
3_62.tif,24_19.tif,7343.38123755,11_99.tif,26_98.tif,7714.11381819,0.215494296578
11_81.tif,26_81.tif,7349.70693293,3_95.tif,26_65.tif,7714.82144965,0.239331689655
1_82.tif,24_19.tif,7355.34248013,11_50.tif,26_98.tif,7717.94026927,0.262463576159
1_72.tif,24_19.tif,7371.18565768,3_78.tif,26_65.tif,7730.74808799,0.237475985605
2_92.tif,24_19.tif,7375.00467796,11_54.tif,32_8.tif,7735.03988354,0.100751454012
11_53.tif,24_19.tif,7375.09606717,11_54.tif,32_8.tif,7735.03988354,0.100751454012
11_53.tif,24_19.tif,7375.09606717,11_7.tif,26_98.tif,7738.58759723,0.21195618431
2_88.tif,24_19.tif,7384.0214653,1_24.tif,24_19.tif,7739.51064345,0.203171219187
2_88.tif,24_19.tif,7384.0214653,1_24.tif,24_19.tif,7739.51064345,0.203171219187
10_82.tif,25_6.tif,7387.4224869,1_89.tif,24_19.tif,7744.07315306,0.243638316279
2_21.tif,24_29.tif,7388.72309672,1_49.tif,31_15.tif,7754.90709164,0.222833718233
3_80.tif,25_36.tif,7394.80432466,1_49.tif,31_15.tif,7754.90709164,0.222833718233
1_63.tif,24_19.tif,7399.24712386,1_7.tif,26_102.tif,7755.89459701,0.0555248371486
3_34.tif,24_19.tif,7399.9906081,1_7.tif,26_102.tif,7755.89459701,0.0555248371486
4_117.tif,24_19.tif,7404.79202949,9_37.tif,16_53.tif,7761.79405808,0.234965746662
4_73.tif,26_102.tif,7412.30888455,9_37.tif,16_53.tif,7761.79405808,0.234965746662
4_60.tif,26_102.tif,7414.13548568,9_37.tif,16_53.tif,7761.79405808,0.234965746662
10_44.tif,25_6.tif,7420.23975354,9_104.tif,20_92.tif,7767.53075308,0.0
9_82.tif,24_19.tif,7426.6596125,9_111.tif,20_92.tif,7769.07459097,0.000132071733819
9_82.tif,24_19.tif,7426.6596125,9_70.tif,20_92.tif,7778.89902236,0.0336136003245
4_82.tif,24_19.tif,7429.95699853,9_70.tif,20_92.tif,7778.89902236,0.0336136003245
11_85.tif,27_99.tif,7439.37080673,11_114.tif,26_98.tif,7783.42655904,0.242346725436
11_85.tif,27_99.tif,7439.37080673,1_15.tif,24_19.tif,7784.62664487,0.186640081789
11_85.tif,27_99.tif,7439.37080673,1_15.tif,24_19.tif,7784.62664487,0.186640081789
2_111.tif,24_29.tif,7450.09785171,1_45.tif,26_102.tif,7785.25227594,0.030545620329
2_111.tif,24_29.tif,7450.09785171,9_114.tif,16_53.tif,7791.51467944,0.242606885392
3_79.tif,24_19.tif,7456.58500924,9_114.tif,16_53.tif,7791.51467944,0.242606885392
2_16.tif,24_19.tif,7458.21828589,9_114.tif,16_53.tif,7791.51467944,0.242606885392
1_58.tif,24_19.tif,7458.27547091,9_114.tif,16_53.tif,7791.51467944,0.242606885392
9_79.tif,24_19.tif,7462.28242564,9_80.tif,25_36.tif,7796.55821501,0.189989622416
9_79.tif,24_19.tif,7462.28242564,11_32.tif,26_98.tif,7814.50510269,0.224181835869
9_79.tif,24_19.tif,7462.28242564,11_80.tif,32_8.tif,7815.81224186,0.178877764568
9_79.tif,24_19.tif,7462.28242564,11_28.tif,26_102.tif,7816.48514359,0.235022220463
9_79.tif,24_19.tif,7462.28242564,9_61.tif,16_83.tif,7817.08590205,0.252777846214
4_61.tif,26_65.tif,7463.82294806,11_46.tif,26_98.tif,7817.28328769,0.22525567876
4_76.tif,26_98.tif,7476.55241405,11_46.tif,26_98.tif,7817.28328769,0.22525567876
4_76.tif,26_98.tif,7476.55241405,11_46.tif,26_98.tif,7817.28328769,0.22525567876
1_21.tif,46_3.tif,7484.79545479,9_57.tif,25_36.tif,7818.97032863,0.241109559374
9_109.tif,19_28.tif,7493.46722152,9_57.tif,25_36.tif,7818.97032863,0.241109559374
4_103.tif,26_81.tif,7494.08153145,9_57.tif,25_36.tif,7818.97032863,0.241109559374
10_101.tif,25_6.tif,7499.1959569,11_84.tif,26_98.tif,7825.20530082,0.194010030661
9_15.tif,26_38.tif,7516.6080116,11_84.tif,26_98.tif,7825.20530082,0.194010030661
4_49.tif,26_81.tif,7521.01329609,11_115.tif,26_98.tif,7826.63599511,0.202979855714
1_5.tif,46_3.tif,7525.456531,11_115.tif,26_98.tif,7826.63599511,0.202979855714
1_5.tif,46_3.tif,7525.456531,11_115.tif,26_98.tif,7826.63599511,0.202979855714
1_86.tif,31_15.tif,7527.26889383,11_73.tif,26_102.tif,7830.49698295,0.208089432143
1_86.tif,31_15.tif,7527.26889383,1_32.tif,24_19.tif,7832.34307216,0.203124584547
1_9.tif,24_19.tif,7536.28290339,1_32.tif,24_19.tif,7832.34307216,0.203124584547
4_116.tif,26_81.tif,7541.66805157,11_34.tif,27_37.tif,7837.91777196,0.163587906172
9_83.tif,19_28.tif,7542.01478386,11_34.tif,27_37.tif,7837.91777196,0.163587906172
9_36.tif,26_38.tif,7547.61313264,9_21.tif,26_98.tif,7843.29312215,0.247902797608
1_112.tif,31_15.tif,7548.79142645,9_21.tif,26_98.tif,7843.29312215,0.247902797608
1_112.tif,31_15.tif,7548.79142645,1_57.tif,24_19.tif,7844.78227869,0.0143716594035
11_33.tif,24_19.tif,7555.32216388,11_16.tif,26_98.tif,7855.697041,0.129648797385
1_99.tif,46_3.tif,7563.67919732,11_96.tif,26_102.tif,7858.21570078,0.209273666979
9_8.tif,26_38.tif,7569.90032959,11_96.tif,26_102.tif,7858.21570078,0.209273666979
3_85.tif,26_65.tif,7574.65490963,9_7.tif,34_57.tif,7862.97163927,0.0858723385039
1_64.tif,24_19.tif,7576.44006114,11_51.tif,26_98.tif,7863.47893747,0.194429117148
11_87.tif,24_19.tif,7586.30173405,11_51.tif,26_98.tif,7863.47893747,0.194429117148
11_87.tif,24_19.tif,7586.30173405,1_3.tif,44_55.tif,7878.25532716,0.187878839693
11_98.tif,24_19.tif,7592.71288803,3_18.tif,26_102.tif,7879.76465385,0.187101296468
8_108.tif,24_19.tif,7594.39549931,9_52.tif,26_98.tif,7881.68979344,0.206309049502
3_101.tif,24_19.tif,7594.65265829,11_5.tif,26_98.tif,7891.54636304,0.1778552663
3_101.tif,24_19.tif,7594.65265829,11_5.tif,26_98.tif,7891.54636304,0.1778552663
1_62.tif,24_19.tif,7598.63138993,1_54.tif,44_55.tif,7901.36703362,0.2093384593
1_94.tif,24_19.tif,7620.81511388,1_54.tif,44_55.tif,7901.36703362,0.2093384593
3_112.tif,24_19.tif,7636.61718302,1_54.tif,44_55.tif,7901.36703362,0.2093384593
3_112.tif,24_19.tif,7636.61718302,11_106.tif,26_98.tif,7914.37148484,0.26693867595
3_112.tif,24_19.tif,7636.61718302,9_58.tif,34_12.tif,7920.81618269,0.159426549648
11_61.tif,24_19.tif,7647.08833478,11_9.tif,26_98.tif,7920.97235193,0.238757760142
9_81.tif,25_36.tif,7656.54967985,11_9.tif,26_98.tif,7920.97235193,0.238757760142
9_81.tif,25_36.tif,7656.54967985,11_86.tif,26_98.tif,7927.46012289,0.202395476793
1_120.tif,24_19.tif,7674.09910022,9_13.tif,26_98.tif,7943.33972583,0.222255106571
11_92.tif,26_98.tif,7692.93390066,1_50.tif,24_19.tif,7945.68625104,0.175832306708
11_92.tif,26_98.tif,7692.93390066,11_74.tif,26_98.tif,7946.06688872,0.200071608248
11_92.tif,26_98.tif,7692.93390066,9_94.tif,16_83.tif,7948.34580274,0.173450530013
1_71.tif,31_15.tif,7692.94033514,9_94.tif,16_83.tif,7948.34580274,0.173450530013
1_60.tif,24_19.tif,7705.16560497,11_67.tif,26_98.tif,7952.64641487,0.225009939813
1_77.tif,24_19.tif,7710.02016859,9_98.tif,24_19.tif,7966.59619913,0.232121372437
1_95.tif,31_15.tif,7723.98964267,9_98.tif,24_19.tif,7966.59619913,0.232121372437
1_79.tif,31_15.tif,7726.1483936,9_56.tif,34_12.tif,7969.31057244,0.149572805942
1_105.tif,31_15.tif,7739.65877801,9_68.tif,34_75.tif,7973.80141463,0.17510335787
9_34.tif,20_76.tif,7740.10387527,3_8.tif,32_8.tif,7983.04039824,0.241473968756
9_84.tif,34_85.tif,7747.84628139,3_8.tif,32_8.tif,7983.04039824,0.241473968756
9_18.tif,24_19.tif,7747.86731946,11_112.tif,44_55.tif,7985.13074408,0.23523752255
3_40.tif,32_8.tif,7750.93652406,11_112.tif,44_55.tif,7985.13074408,0.23523752255
9_113.tif,26_98.tif,7763.27411599,11_35.tif,37_32.tif,7990.31663953,0.123515145004
11_63.tif,27_99.tif,7771.60839209,11_109.tif,44_55.tif,8007.10559441,0.195444436641
1_19.tif,24_19.tif,7811.12789551,11_91.tif,26_98.tif,8012.71514532,0.218508865539
1_19.tif,24_19.tif,7811.12789551,9_12.tif,16_79.tif,8016.87863199,0.240612204426
9_17.tif,25_36.tif,7812.494032,9_12.tif,16_79.tif,8016.87863199,0.240612204426
11_118.tif,27_37.tif,7813.3023108,11_69.tif,26_98.tif,8017.31869143,0.218448154545
11_88.tif,27_99.tif,7813.94919359,9_16.tif,27_21.tif,8027.03774751,0.173366652554
1_65.tif,31_15.tif,7820.00434782,9_55.tif,20_92.tif,8033.51703801,0.0478594701304
1_68.tif,24_19.tif,7829.45515346,9_55.tif,20_92.tif,8033.51703801,0.0478594701304
1_59.tif,24_19.tif,7844.04385505,9_55.tif,20_92.tif,8033.51703801,0.0478594701304
1_18.tif,24_19.tif,7856.95335356,9_72.tif,16_79.tif,8038.32420346,0.241296087726
1_18.tif,24_19.tif,7856.95335356,9_14.tif,20_92.tif,8044.68731524,0.0725822460433
3_98.tif,26_65.tif,7890.86256375,9_14.tif,20_92.tif,8044.68731524,0.0725822460433
3_98.tif,26_65.tif,7890.86256375,9_67.tif,25_75.tif,8056.613991,0.149875685592
3_98.tif,26_65.tif,7890.86256375,9_48.tif,25_75.tif,8057.41515624,0.175091457967
9_105.tif,34_12.tif,7913.02123086,9_48.tif,25_75.tif,8057.41515624,0.175091457967
9_105.tif,34_12.tif,7913.02123086,9_48.tif,25_75.tif,8057.41515624,0.175091457967
11_76.tif,24_19.tif,7918.7509116,11_62.tif,37_76.tif,8081.6330033,0.0240306996409
11_64.tif,27_27.tif,7919.06850583,11_62.tif,37_76.tif,8081.6330033,0.0240306996409
11_49.tif,26_98.tif,7924.22191764,11_6.tif,37_76.tif,8084.42923155,0.0
11_58.tif,42_120.tif,7946.26698519,11_6.tif,37_76.tif,8084.42923155,0.0
11_29.tif,27_112.tif,7952.97372057,9_71.tif,40_31.tif,8084.70234455,0.0590172697045
3_42.tif,32_8.tif,7969.53681214,9_71.tif,40_31.tif,8084.70234455,0.0590172697045
3_75.tif,26_95.tif,7984.95184707,11_82.tif,26_98.tif,8111.58498692,0.214484589335
3_26.tif,15_84.tif,8015.10099749,11_82.tif,26_98.tif,8111.58498692,0.214484589335
3_26.tif,15_84.tif,8015.10099749,9_22.tif,37_85.tif,8131.95031957,0.163544082222
11_47.tif,27_37.tif,8058.16387274,9_69.tif,26_98.tif,8133.60055572,0.307298892092
11_47.tif,27_37.tif,8058.16387274,9_118.tif,26_98.tif,8139.55594612,0.26168195016
3_23.tif,26_98.tif,8115.41650194,9_118.tif,26_98.tif,8139.55594612,0.26168195016
3_23.tif,26_98.tif,8115.41650194,9_118.tif,26_98.tif,8139.55594612,0.26168195016
9_6.tif,26_98.tif,8221.57922786,9_118.tif,26_98.tif,8139.55594612,0.26168195016
3_10.tif,26_84.tif,8617.72307515,11_113.tif,26_98.tif,8172.92774959,0.0
