dice coefficient,distance,img1,img2
0.0,0.0,15_6.tif,15_59.tif
0.0,0.0,16_106.tif,16_58.tif
0.0,29.3598365118,26_117.tif,26_56.tif
0.0,42.8018691181,19_76.tif,19_107.tif
0.0,96.6281532474,22_50.tif,22_58.tif
0.0,97.0927391724,5_7.tif,5_80.tif
0.0,101.079176886,11_45.tif,11_37.tif
0.0,305.037702588,47_88.tif,47_76.tif
0.0,342.03216223,13_57.tif,13_82.tif
0.0,355.190089952,47_46.tif,47_77.tif
0.0,415.71143838,30_21.tif,30_47.tif
0.0,425.142329109,43_28.tif,43_17.tif
0.0,701.312341257,30_1.tif,30_50.tif
0.0,774.355215647,42_102.tif,42_31.tif
0.0,794.287731241,9_57.tif,9_17.tif
0.0,800.406146903,47_41.tif,47_7.tif
0.0,812.373682489,30_75.tif,30_40.tif
0.0,824.194758537,29_103.tif,29_84.tif
0.0,867.09976358,30_38.tif,30_80.tif
0.0,934.545879024,19_49.tif,19_116.tif
0.0,1013.13276524,15_34.tif,15_12.tif
0.0,1039.38683848,32_1.tif,32_100.tif
0.0,1089.26902095,14_90.tif,14_56.tif
0.0,1093.08233908,47_108.tif,47_64.tif
0.0,1141.00043821,21_94.tif,21_101.tif
0.0,1431.26971602,34_70.tif,34_52.tif
0.0,1469.77923512,31_91.tif,31_100.tif
0.0,1487.9939516,11_54.tif,11_37.tif
0.0,1527.71005102,7_110.tif,7_4.tif
0.0,1993.68202078,38_28.tif,38_118.tif
0.0,2040.40290139,47_32.tif,47_3.tif
0.0,2665.39134087,47_52.tif,47_106.tif
0.0,2694.22233678,35_85.tif,35_62.tif
0.0,2939.57479918,30_91.tif,30_66.tif
0.0,3016.28297744,10_58.tif,10_116.tif
0.0,3069.32174918,24_24.tif,24_115.tif
0.0,3192.53347672,11_66.tif,11_49.tif
0.0,3380.69726536,47_91.tif,47_74.tif
0.0,3616.91926921,14_86.tif,14_9.tif
0.0,3693.8011587,46_6.tif,46_49.tif
0.0,3707.80905657,42_72.tif,42_51.tif
0.0,3824.32739184,30_59.tif,30_42.tif
0.0,3862.58203796,43_26.tif,43_47.tif
0.0,4042.45123656,15_10.tif,15_30.tif
0.0,4061.31690465,36_30.tif,36_67.tif
0.0,4076.84780192,5_8.tif,5_102.tif
0.0,4240.33736865,43_6.tif,43_47.tif
0.0,4505.03629286,27_44.tif,27_42.tif
0.0,4758.12242381,43_32.tif,43_85.tif
0.0,4887.30784789,25_35.tif,25_59.tif
0.0,4916.31935496,23_97.tif,23_40.tif
0.0,5047.13492984,13_89.tif,13_97.tif
0.0,5089.49525985,7_97.tif,7_118.tif
0.0,5098.55646237,36_93.tif,36_49.tif
0.0,5130.24804469,47_25.tif,47_38.tif
0.0,5228.20389809,11_116.tif,11_114.tif
0.0,5313.34226264,2_23.tif,2_73.tif
0.0,5385.70181128,38_84.tif,38_109.tif
0.0,5389.66186323,19_39.tif,19_14.tif
0.0,5517.85411188,5_65.tif,5_67.tif
0.0,5520.05344177,15_105.tif,15_13.tif
0.0,5595.38157769,47_50.tif,47_7.tif
0.0,5790.69020066,27_74.tif,27_37.tif
0.0,5927.50419654,45_50.tif,45_23.tif
0.0,5987.37204456,23_37.tif,23_28.tif
0.0,6065.41161011,17_47.tif,18_23.tif
0.0,6106.2809467,9_41.tif,9_51.tif
0.0,6309.49839528,47_35.tif,47_80.tif
0.0,6320.53684429,17_114.tif,17_27.tif
0.0,6336.75910857,43_30.tif,43_100.tif
0.0,6397.09801394,46_75.tif,46_3.tif
0.0,6430.95817122,25_44.tif,25_115.tif
0.0,6454.05492694,23_62.tif,23_67.tif
0.0,6470.17990476,37_97.tif,37_8.tif
0.0,6546.651816,41_74.tif,41_105.tif
0.0,6696.72651375,6_27.tif,6_91.tif
0.0,6710.02049177,11_12.tif,11_25.tif
0.0,6711.83685737,30_117.tif,30_2.tif
0.0,6790.55999164,44_37.tif,44_114.tif
0.0,7064.87027482,34_31.tif,34_112.tif
0.0,7110.57058189,5_48.tif,5_69.tif
0.0,7170.2251708,11_52.tif,11_70.tif
0.0,7192.40641232,8_31.tif,8_61.tif
0.0,7281.23052787,26_16.tif,26_44.tif
0.0,7299.67697915,33_103.tif,33_11.tif
0.0,7326.38785487,10_37.tif,10_118.tif
0.0,7507.98321788,11_17.tif,11_25.tif
0.0,7510.24373772,4_94.tif,4_118.tif
0.0,7521.97115123,7_68.tif,7_22.tif
0.0,7541.1612501,1_40.tif,1_1.tif
0.0,7812.62862294,29_34.tif,29_65.tif
0.0,7853.56969791,36_14.tif,36_100.tif
0.0,8134.38762293,28_28.tif,28_97.tif
0.0,8306.11076257,10_99.tif,10_83.tif
0.0,8419.41144024,19_55.tif,19_71.tif
0.0,8473.21267289,7_88.tif,7_76.tif
0.0,8644.20291294,45_78.tif,45_35.tif
0.0,8736.20901765,13_108.tif,13_115.tif
0.0,8897.80849423,25_88.tif,25_16.tif
0.0,8910.0942756,33_21.tif,33_52.tif
0.0,9015.30032778,28_114.tif,28_116.tif
0.0,9061.64063512,11_104.tif,11_35.tif
0.0,9089.22042862,18_109.tif,18_23.tif
0.0,9129.9306131,19_106.tif,19_31.tif
0.0,9135.25407419,18_51.tif,17_49.tif
0.0,9148.63989891,9_60.tif,9_18.tif
0.0,9396.24824065,38_36.tif,38_29.tif
0.0,9512.41530843,18_48.tif,17_46.tif
0.0,9689.39502755,46_101.tif,46_3.tif
0.0,9781.65415459,8_115.tif,8_104.tif
0.0,9832.71981702,41_47.tif,41_46.tif
0.0,9855.40547111,19_64.tif,19_51.tif
0.0,9873.1354189,32_33.tif,32_69.tif
0.0,9942.52382446,9_31.tif,9_84.tif
0.0,10116.2677406,22_16.tif,22_5.tif
0.0,10261.1371689,16_12.tif,16_29.tif
0.0,10317.4285556,24_110.tif,24_82.tif
0.0,10388.5875363,43_64.tif,43_85.tif
0.0,10452.6982163,19_25.tif,19_101.tif
0.0,10540.5702882,32_10.tif,32_101.tif
0.0,10586.9812978,8_21.tif,8_103.tif
0.0,10769.3599624,33_24.tif,33_22.tif
0.0,10823.5518662,37_31.tif,37_72.tif
0.0,10863.3940369,14_38.tif,14_67.tif
0.0,11028.2548483,8_110.tif,8_65.tif
0.0,11097.587801,25_17.tif,25_59.tif
0.0,11144.2686166,31_53.tif,31_77.tif
0.0,11188.7741062,43_111.tif,43_8.tif
0.0,11218.5592658,44_59.tif,44_47.tif
0.0,11226.7776321,29_66.tif,29_49.tif
0.0,11294.9490924,9_56.tif,9_105.tif
0.0,11573.7418323,43_93.tif,43_20.tif
0.0,11576.3127117,19_89.tif,19_100.tif
0.0,11595.2000845,42_2.tif,42_17.tif
0.0,11647.3971771,43_109.tif,43_115.tif
0.0,11668.4077748,14_101.tif,14_72.tif
0.0,11711.5505378,36_110.tif,36_29.tif
0.0,11841.8228749,38_25.tif,38_64.tif
0.0,11852.6524879,25_72.tif,25_117.tif
0.0,12007.5986359,10_2.tif,10_62.tif
0.0,12148.8821708,13_39.tif,13_104.tif
0.0,12188.6765894,35_69.tif,35_8.tif
0.0,12225.4533658,29_74.tif,29_13.tif
0.0,12420.9787457,33_40.tif,33_109.tif
0.0,12424.3778919,18_58.tif,17_33.tif
0.0,12480.1458325,31_17.tif,31_116.tif
0.0,12503.4269702,22_62.tif,22_112.tif
0.0,12576.0746658,35_91.tif,35_112.tif
0.0,12636.1504027,19_16.tif,19_65.tif
0.0,12638.1366506,44_35.tif,44_93.tif
0.0,12719.325729,17_79.tif,18_7.tif
0.0,12734.8143685,12_75.tif,12_103.tif
0.0,12748.7583709,35_32.tif,35_97.tif
0.0,12784.6498974,10_67.tif,10_46.tif
0.0,12857.5595274,44_116.tif,44_26.tif
0.0,13015.9907422,32_38.tif,32_101.tif
0.0,13126.7613294,35_59.tif,35_1.tif
0.0,13216.0383247,34_78.tif,34_17.tif
0.0,13224.8809825,32_13.tif,32_12.tif
0.0,13621.5941064,46_51.tif,46_71.tif
0.0,13819.80633,23_96.tif,23_102.tif
0.0,13846.7839587,10_112.tif,10_109.tif
0.0,13851.2812404,28_68.tif,28_63.tif
0.0,14253.9007644,26_104.tif,26_78.tif
0.0,14293.1374093,28_69.tif,28_116.tif
0.0,14405.8077177,32_81.tif,32_76.tif
0.0,14424.900069,19_1.tif,19_91.tif
0.0,14476.5375349,4_75.tif,4_109.tif
0.0,14505.6625495,18_65.tif,17_45.tif
0.0,14529.8519607,12_52.tif,12_26.tif
0.0,14569.1404345,23_47.tif,23_68.tif
0.0,14648.3482004,19_44.tif,19_74.tif
0.0,14665.9444292,19_85.tif,19_74.tif
0.0,14694.5296284,9_71.tif,9_42.tif
0.0,14709.4375147,9_25.tif,9_66.tif
0.0,14720.3228565,2_58.tif,2_105.tif
0.0,14724.1059491,36_85.tif,36_67.tif
0.0,14883.1467775,13_73.tif,13_118.tif
0.0,14925.5466232,19_98.tif,19_22.tif
0.0,14967.9986638,43_54.tif,43_112.tif
0.0,14992.1541814,21_79.tif,21_15.tif
0.0,15215.3877703,31_113.tif,31_114.tif
0.0,15301.1893982,14_48.tif,14_88.tif
0.0,15442.9060737,33_1.tif,33_27.tif
0.0,15499.7011907,19_38.tif,19_115.tif
0.0,15577.8620484,4_78.tif,4_29.tif
0.0,15815.8804371,31_119.tif,31_41.tif
0.0,15827.7715425,36_101.tif,36_92.tif
0.0,15940.735303,12_25.tif,12_69.tif
0.0,16157.995544,9_58.tif,9_105.tif
0.0,16171.7593972,31_70.tif,31_114.tif
0.0,16242.839407,41_104.tif,41_85.tif
0.0,16269.251335,12_115.tif,12_69.tif
0.0,16343.3599667,34_111.tif,34_17.tif
0.0,16433.4104494,29_14.tif,29_104.tif
0.0,16510.684904,9_116.tif,9_87.tif
0.0,16630.2532151,14_81.tif,14_113.tif
0.0,16683.0495414,24_105.tif,24_15.tif
0.0,16703.836685,23_49.tif,23_70.tif
0.0,16709.4174943,13_8.tif,13_111.tif
0.0,16774.4526289,38_16.tif,38_89.tif
0.0,16814.0871295,16_27.tif,16_66.tif
0.0,16868.7278714,10_28.tif,10_51.tif
0.0,17020.675016,18_36.tif,18_120.tif
0.0,17103.516159,10_33.tif,10_36.tif
0.0,17273.6688054,8_26.tif,8_83.tif
0.0,17519.2848313,44_55.tif,44_84.tif
0.0,17548.7399548,25_29.tif,25_58.tif
0.0,17582.1548736,6_85.tif,6_23.tif
0.0,17724.1818993,18_70.tif,17_78.tif
0.0,17766.1353704,4_106.tif,4_35.tif
0.0,17878.1282018,45_34.tif,45_46.tif
0.0,17919.3264103,33_34.tif,33_3.tif
0.0,17942.9969905,26_27.tif,26_109.tif
0.0,17959.8870264,34_57.tif,34_73.tif
0.0,18010.2236244,18_17.tif,17_106.tif
0.0,18070.6612773,33_78.tif,33_15.tif
0.0,18213.3406875,35_9.tif,35_56.tif
0.0,18359.5477885,9_82.tif,9_38.tif
0.0,18374.6440238,6_24.tif,6_44.tif
0.0,18375.4239135,15_47.tif,15_36.tif
0.0,18426.3377533,47_39.tif,47_95.tif
0.0,18436.6038358,46_40.tif,46_109.tif
0.0,18728.0129485,38_93.tif,38_70.tif
0.0,18752.9523542,19_108.tif,19_84.tif
0.0,18783.0050844,14_11.tif,14_113.tif
0.0,18855.3235984,43_24.tif,43_5.tif
0.0,18915.0925454,20_97.tif,20_38.tif
0.0,18922.5564341,33_68.tif,33_15.tif
0.0,18932.6940766,23_71.tif,23_98.tif
0.0,18962.9087168,35_116.tif,35_13.tif
0.0,19013.1386941,44_109.tif,44_4.tif
0.0,19139.9437042,9_13.tif,9_3.tif
0.0,19322.1286353,29_21.tif,29_45.tif
0.0,19536.0546682,33_43.tif,33_84.tif
0.0,19761.0714284,2_12.tif,2_105.tif
0.0,19929.0342716,24_19.tif,12_10.tif
0.0,20014.7642754,19_3.tif,19_43.tif
0.0,20016.8821998,15_80.tif,15_79.tif
0.0,20208.1608515,26_82.tif,26_56.tif
0.0,20219.7539797,35_101.tif,35_74.tif
0.0,20404.0649872,15_61.tif,15_119.tif
0.0,20592.9693585,9_96.tif,9_7.tif
0.0,20861.7526589,31_86.tif,31_4.tif
0.0,20868.7572222,31_64.tif,31_14.tif
0.0,20881.297589,4_20.tif,4_4.tif
0.0,21116.1274148,32_39.tif,32_68.tif
0.0,21161.1753454,10_95.tif,10_22.tif
0.0,21189.7320653,15_72.tif,15_22.tif
0.0,21212.290824,44_34.tif,44_106.tif
0.0,21253.5866855,43_83.tif,43_88.tif
0.0,21355.5401711,4_46.tif,4_120.tif
0.0,21430.5138996,11_4.tif,11_35.tif
0.0,21500.8165891,15_55.tif,15_76.tif
0.0,21527.3922248,29_64.tif,29_87.tif
0.0,21738.9545517,29_91.tif,29_7.tif
0.0,21858.044789,35_96.tif,35_112.tif
0.0,21895.148321,24_90.tif,24_16.tif
0.0,22000.5721289,33_96.tif,33_48.tif
0.0,22148.0161188,38_94.tif,38_29.tif
0.0,22225.7009563,35_22.tif,35_33.tif
0.0,22244.0067434,17_52.tif,18_6.tif
0.0,22253.3026762,33_87.tif,33_5.tif
0.0,22266.3645214,9_80.tif,9_17.tif
0.0,22281.1227051,21_6.tif,21_46.tif
0.0,22468.5162394,3_75.tif,3_18.tif
0.0,22482.1637526,19_26.tif,19_92.tif
0.0,22503.5744494,13_7.tif,13_111.tif
0.0,22562.5299113,9_100.tif,9_17.tif
0.0,22818.2889806,24_71.tif,24_44.tif
0.0,23260.8846349,22_69.tif,22_28.tif
0.0,23337.1722366,2_94.tif,12_10.tif
0.0,23360.5962253,13_68.tif,13_47.tif
0.0,23530.6681801,43_15.tif,43_117.tif
0.0,23635.5923133,22_109.tif,22_101.tif
0.0,23658.3404321,28_88.tif,28_42.tif
0.0,23660.4946694,9_10.tif,9_3.tif
0.0,23732.7870466,19_59.tif,19_110.tif
0.0,23744.7551472,15_101.tif,15_102.tif
0.0,23837.2841574,20_69.tif,20_2.tif
0.0,23861.3191379,26_76.tif,26_112.tif
0.0,23902.5259335,24_3.tif,24_16.tif
0.0,23922.5972043,6_50.tif,6_42.tif
0.0,24747.5048439,2_62.tif,12_10.tif
0.0,24814.1759081,27_14.tif,27_21.tif
0.0,25359.372784,9_69.tif,9_95.tif
0.0,25392.4630944,9_9.tif,9_95.tif
0.0,25438.8394586,15_20.tif,15_114.tif
0.0,25444.5285867,45_105.tif,45_117.tif
0.0,25675.6687157,18_40.tif,17_106.tif
0.0,26354.453267,33_82.tif,15_30.tif
0.0,26715.7890956,9_75.tif,9_113.tif
0.0,26951.2538484,29_18.tif,29_81.tif
0.0,27086.429702,15_29.tif,15_5.tif
0.0,27340.7229604,20_17.tif,20_91.tif
0.0,27517.2921633,20_29.tif,24_70.tif
0.0,27550.303247,34_95.tif,34_59.tif
0.0,27668.2833222,3_37.tif,3_18.tif
0.0,28123.6738887,20_107.tif,20_62.tif
0.0,28306.8751719,34_25.tif,34_55.tif
0.0,28803.1827582,39_19.tif,39_74.tif
0.0,28953.8473091,3_52.tif,3_18.tif
0.0,30506.7650858,20_44.tif,42_111.tif
0.0,30520.9285245,11_89.tif,26_81.tif
0.0,30526.2956482,11_81.tif,26_81.tif
0.0,31348.0104472,3_119.tif,26_98.tif
0.0023506012114626,23483.2352328,3_41.tif,3_58.tif
0.0141316474525965,19608.8398433,11_16.tif,11_5.tif
0.10672595886611999,24955.2138039,18_59.tif,17_37.tif
0.19406082289797003,25538.7378701,20_26.tif,20_98.tif
0.197452229299455,3786.41981296,6_7.tif,6_45.tif
0.3072538508508,24125.6636178,11_65.tif,11_5.tif
0.31553689262205,20238.2483185,25_75.tif,25_6.tif
0.34478764478715,13287.8468158,13_9.tif,13_2.tif
0.36821282401184996,19809.2936522,35_114.tif,35_82.tif
0.37673087336489997,22839.5643785,6_1.tif,6_31.tif
0.40197591849225,15743.2940009,36_44.tif,36_99.tif
0.40995139421925003,26750.7200277,45_19.tif,45_24.tif
0.4167826974846,20330.4169411,32_64.tif,32_12.tif
0.44740103045715,13868.5360078,16_52.tif,16_107.tif
0.45782626940715,20867.3609735,15_31.tif,15_9.tif
0.48106706187525,13978.570492,35_46.tif,35_23.tif
0.4866158594196,13184.1763489,2_8.tif,2_84.tif
0.4951882361988,20548.0978438,38_41.tif,38_29.tif
0.51073210349295,4306.54734097,29_20.tif,29_110.tif
0.5122018399167,13754.6993424,29_46.tif,29_107.tif
0.5135989879817999,23804.9829658,7_41.tif,7_108.tif
0.5192271263485501,1009.90247054,20_70.tif,20_1.tif
0.5289841209099,16066.2358379,12_105.tif,12_3.tif
0.53587766305035,16941.6525758,29_4.tif,29_106.tif
0.5524224738069,17246.172068,28_105.tif,28_60.tif
0.5537605318083001,14893.5975171,35_20.tif,35_23.tif
0.5573887240348501,63.111013302,14_47.tif,14_32.tif
0.5789473684222499,16886.1138217,3_56.tif,3_70.tif
0.5797814603075999,13201.4197721,44_108.tif,44_78.tif
0.5809853353098,9059.28209076,41_107.tif,41_36.tif
0.58103537981205,17073.2469378,29_112.tif,29_88.tif
0.58421504146395,11750.655854,19_97.tif,19_19.tif
0.5872660163458501,18926.936572,32_8.tif,32_12.tif
0.5892634207251,14892.3803672,27_99.tif,27_21.tif
0.5959383277857,11303.9160913,37_84.tif,37_47.tif
0.5972906993451,8680.49169114,7_2.tif,7_85.tif
0.6003219669243,7711.12255122,3_24.tif,3_111.tif
0.601885833663,7117.69702924,29_61.tif,29_19.tif
0.60706591986315,57.9827560573,7_12.tif,7_62.tif
0.6075977406135,12035.152014,36_36.tif,36_16.tif
0.6132051922123499,23997.218693,28_91.tif,28_57.tif
0.6139918791183,17299.5919316,32_41.tif,32_99.tif
0.6159212880153,24905.7363674,15_26.tif,15_25.tif
0.6201435810804,7995.67501841,3_113.tif,3_9.tif
0.6207501901814999,678.868175716,9_11.tif,9_67.tif
0.62619904076655,12209.3084161,14_24.tif,14_106.tif
0.62929840030215,19205.7467441,28_119.tif,28_113.tif
0.62933333333355,13858.5749989,32_71.tif,32_97.tif
0.6294562027834499,18077.2246764,24_102.tif,24_45.tif
0.6303989966298,15462.9707042,23_30.tif,23_15.tif
0.64416412531125,13253.3400696,15_42.tif,15_32.tif
0.64453206059355,7330.91979222,37_25.tif,37_105.tif
0.65037858090675,952.460497869,26_66.tif,26_56.tif
0.6509633387696999,3995.10650672,10_35.tif,10_89.tif
0.6543890604327001,14035.2008892,34_97.tif,34_19.tif
0.65701426169985,1036.66580922,14_78.tif,14_72.tif
0.65978992981995,13827.2665411,14_22.tif,14_2.tif
0.6637564618044001,8179.66661912,47_57.tif,47_24.tif
0.66517022072505,15214.8377251,13_5.tif,13_59.tif
0.66601874349135,24246.3726772,28_35.tif,28_42.tif
0.6684350132625,7437.52317643,15_84.tif,15_90.tif
0.67166719193235,15648.7872054,44_90.tif,44_15.tif
0.6744844318634999,12254.3963948,42_77.tif,42_81.tif
0.67531566532635,23053.0790351,19_50.tif,19_14.tif
0.6792860227443,20288.2880007,20_53.tif,20_61.tif
0.6794996225609999,15692.4440098,29_90.tif,29_84.tif
0.68050357264425,5828.57401085,1_106.tif,1_4.tif
0.6859442260911001,4781.66613222,36_11.tif,36_55.tif
0.6878749318314,856.883305941,1_92.tif,1_118.tif
0.6879773343183,52.0288381573,15_82.tif,15_36.tif
0.6908977943454,8853.46265593,7_1.tif,7_85.tif
0.6996254681646,15267.4424184,45_118.tif,45_45.tif
0.7012784011605,9249.76091583,7_10.tif,7_75.tif
0.7039800995028,4813.66939039,33_12.tif,33_45.tif
0.70415834047125,5151.16355788,37_107.tif,37_104.tif
0.70416518334015,14097.296975,20_94.tif,20_9.tif
0.70666508257215,13566.4412799,35_115.tif,35_21.tif
0.70713823592895,24019.0684873,3_35.tif,3_57.tif
0.7075195883524501,5670.08174544,35_40.tif,35_11.tif
0.7081106570268,7278.76864586,23_120.tif,23_31.tif
0.7082795976276,8384.00304151,42_60.tif,42_116.tif
0.713617497858,20417.0501787,16_20.tif,16_29.tif
0.71401895013375,65.4522726878,26_2.tif,26_56.tif
0.717953120976,15954.157922,23_34.tif,23_75.tif
0.7187730665145,0.0,7_79.tif,7_70.tif
0.72031906559445,8289.44328649,11_1.tif,11_36.tif
0.72217157905275,7683.13334519,1_104.tif,1_56.tif
0.7227104532841501,15887.1337881,7_63.tif,7_104.tif
0.7261982928426001,7854.97873963,32_94.tif,32_6.tif
0.7273313556045,19849.3782774,32_27.tif,32_18.tif
0.7306820163957,25805.5981523,24_77.tif,24_56.tif
0.7308583234212,11184.2673877,35_113.tif,35_18.tif
0.7321401254391,12238.6960498,15_24.tif,15_78.tif
0.7322799097071,0.0,19_95.tif,19_116.tif
0.7323526851771001,22767.4269517,31_80.tif,31_29.tif
0.73297457784345,10833.5724948,3_103.tif,3_29.tif
0.73299683463105,13153.5698576,9_28.tif,9_38.tif
0.73299819785595,4173.16067268,37_96.tif,37_22.tif
0.7330225756341,18909.9949233,3_117.tif,3_6.tif
0.7332643476876,8385.69305424,42_14.tif,42_116.tif
0.73534216736235,22468.1415342,9_118.tif,9_21.tif
0.7362450368685001,17153.0320935,15_43.tif,15_32.tif
0.73634408602125,13398.9421224,11_21.tif,11_99.tif
0.7392025627827,18377.4123314,37_76.tif,37_65.tif
0.7392100444673999,4159.83905939,17_96.tif,18_13.tif
0.73942204189725,12263.8896358,23_39.tif,23_91.tif
0.7397759358774,5100.88766785,1_43.tif,1_27.tif
0.74434052967405,12648.516158,42_21.tif,42_68.tif
0.74905781127675,7439.67344713,23_90.tif,23_21.tif
0.7532557908339,10210.3367231,7_37.tif,7_85.tif
0.7542639631076999,123.332882882,23_65.tif,23_119.tif
0.75726231031185,1412.13986559,41_80.tif,41_100.tif
0.75842375785305,11592.5853889,38_6.tif,38_100.tif
0.7599972468867,558.707436858,44_74.tif,44_22.tif
0.7615153992909001,6773.57999879,24_107.tif,24_92.tif
0.7615571776162501,7481.70147761,41_98.tif,41_17.tif
0.7623366230984999,7261.12160758,24_111.tif,24_32.tif
0.7683279162141,7362.02587608,19_53.tif,19_6.tif
0.76853228962845,17420.8025647,9_52.tif,9_98.tif
0.772399334031,16532.1099379,20_90.tif,20_52.tif
0.77287571236515,11400.5940635,32_17.tif,32_19.tif
0.7736420950542,9323.97479619,32_80.tif,32_34.tif
0.7762337430974999,18388.4717146,34_86.tif,34_87.tif
0.77658826287315,4968.78606905,44_60.tif,44_113.tif
0.77677781056455,10750.236323,32_110.tif,32_24.tif
0.7787954830603501,17131.6252586,23_85.tif,23_115.tif
0.7818483340868999,1019.03483748,26_69.tif,26_17.tif
0.782698086351,20691.1972346,44_111.tif,44_6.tif
0.7833890089734,31.9374388453,16_64.tif,16_58.tif
0.78342904019685,16947.2667413,29_12.tif,29_84.tif
0.78366462990285,19167.289271,13_87.tif,13_24.tif
0.7853690209935,975.261503393,1_52.tif,1_67.tif
0.7862422688198999,5186.21027341,41_64.tif,41_96.tif
0.78868846931805,469.93935779,42_84.tif,42_74.tif
0.78941998273335,6318.67066716,11_51.tif,11_59.tif
0.7900120336932,8141.00239528,28_37.tif,28_89.tif
0.79020059191065,3728.58820467,17_119.tif,18_46.tif
0.7902610736292,11298.3843093,37_75.tif,37_47.tif
0.790681879923,17653.7828524,35_12.tif,35_112.tif
0.7955074875198,14109.4686647,36_66.tif,36_45.tif
0.79577344770795,4503.93050568,7_74.tif,7_24.tif
0.7965169014931499,283.84326661,43_4.tif,43_105.tif
0.8011405445178,15126.1948619,34_51.tif,34_20.tif
0.80151374729685,22490.8500951,34_53.tif,34_47.tif
0.8015546918385,8301.52076429,23_74.tif,23_25.tif
0.8017861197303,5401.08516874,44_33.tif,44_67.tif
0.803421437928,5513.39224072,35_106.tif,35_68.tif
0.8044408044417,827.155366301,42_99.tif,42_113.tif
0.8046684622299,6847.38687384,16_71.tif,16_47.tif
0.80556870915795,14740.2527794,9_4.tif,9_74.tif
0.80590284894345,8243.31462459,41_19.tif,41_110.tif
0.8059461631185,25090.4756432,11_115.tif,11_106.tif
0.8060807358189,21324.6916273,37_56.tif,37_118.tif
0.80640950623515,985.352221289,29_95.tif,29_3.tif
0.8071275071621999,22161.4608724,24_13.tif,24_44.tif
0.8075868372954,71.526218969,26_24.tif,26_17.tif
0.80822601577425,9767.33878802,38_92.tif,38_100.tif
0.8082968031648,25461.2954305,16_37.tif,16_94.tif
0.8088860373717001,791.075849714,41_84.tif,41_95.tif
0.809515831797,18715.0738978,34_85.tif,34_55.tif
0.81034967657205,12318.8468616,34_39.tif,34_63.tif
0.8122242548157,0.0,29_63.tif,29_27.tif
0.8122465531224,19206.7894766,25_83.tif,25_67.tif
0.81250413059355,21200.1758247,13_86.tif,13_40.tif
0.8130406806325501,23455.7809079,28_30.tif,28_57.tif
0.8131756511635501,24521.5688527,11_44.tif,11_18.tif
0.81318916604115,546.767775203,41_118.tif,41_61.tif
0.81404056162215,1962.64999427,47_12.tif,47_10.tif
0.81418498548255,12726.281625,37_86.tif,37_118.tif
0.8143010486331,4383.69250746,30_4.tif,30_87.tif
0.8150717540643,15233.2421369,19_34.tif,19_66.tif
0.81538997560995,287.49608693,29_92.tif,29_51.tif
0.8164363231610999,5631.21727515,34_72.tif,34_49.tif
0.8174634847162501,5756.85252547,42_10.tif,42_26.tif
0.8175851838538499,3572.27280593,42_114.tif,42_110.tif
0.82049046321585,13478.6634352,37_11.tif,37_57.tif
0.8211540086175,15988.5316399,24_99.tif,24_69.tif
0.8229273285566999,7067.77263358,35_38.tif,35_15.tif
0.8235379797546,9683.07673211,13_12.tif,13_65.tif
0.823629353721,6801.35317419,24_1.tif,24_65.tif
0.8240448293418,25145.9894615,20_65.tif,20_104.tif
0.82451788429155,4675.2208504,23_8.tif,23_119.tif
0.8250536250549001,460.143455892,41_51.tif,41_93.tif
0.82875319735065,5.09901951359,28_54.tif,28_1.tif
0.83045608744755,23041.7585483,11_82.tif,11_46.tif
0.83100381194355,575.347720948,32_82.tif,32_77.tif
0.8314778293780499,2815.67345408,41_101.tif,41_99.tif
0.8316618317451,2314.33359739,44_69.tif,44_43.tif
0.83243459157105,10906.2603123,34_94.tif,34_5.tif
0.83435210911935,3135.02918647,16_16.tif,16_10.tif
0.8370913576855501,4205.31187904,32_96.tif,32_78.tif
0.83711081483835,5260.53447855,42_64.tif,42_96.tif
0.8383546179343501,11346.7648693,24_17.tif,24_60.tif
0.8390150114620499,7538.80567464,38_60.tif,38_50.tif
0.8391622820583,13556.3514634,14_112.tif,14_92.tif
0.8405080672839,8207.86232828,41_28.tif,41_54.tif
0.841233839874,661.755241762,38_3.tif,38_114.tif
0.84232845027045,17016.9095608,16_79.tif,16_85.tif
0.84240131897865,14963.1726248,34_32.tif,34_65.tif
0.84253685771595,9679.89462753,11_119.tif,11_10.tif
0.8425397130096001,11785.5990938,7_31.tif,7_111.tif
0.8441096117223,16808.3088679,11_109.tif,11_112.tif
0.8445858030929999,1976.27300746,47_85.tif,47_10.tif
0.84515222482395,6694.98431664,34_22.tif,34_37.tif
0.84632653061265,25226.7669153,3_109.tif,3_15.tif
0.84670547540775,2126.77455317,37_61.tif,37_53.tif
0.8499492870348,4632.65064515,7_116.tif,7_24.tif
0.8522735113506,4450.92215164,37_92.tif,37_19.tif
0.85237498576245,8470.37142043,7_99.tif,7_24.tif
0.8542104612351,429.981394946,1_66.tif,1_96.tif
0.8563465923489001,485.605807214,37_89.tif,37_38.tif
0.8568424958265,723.899164249,30_98.tif,30_5.tif
0.8575703171758501,10428.1531443,7_17.tif,7_44.tif
0.8586475432788,17636.3205913,16_30.tif,16_43.tif
0.8596171376481001,3088.61425238,41_65.tif,41_33.tif
0.8597807270637,5837.18733638,44_41.tif,44_46.tif
0.8597939386647,9229.96251347,32_30.tif,32_56.tif
0.8606569900687501,5538.18968617,36_71.tif,36_60.tif
0.86068927258935,4588.0403224,1_37.tif,1_67.tif
0.86096431134615,20489.785992,29_1.tif,29_15.tif
0.8615858649084,12.8452325787,16_49.tif,16_50.tif
0.86200903719165,14369.3707239,9_12.tif,9_72.tif
0.8622896420961,0.0,7_19.tif,7_71.tif
0.8630179926036,6229.87648353,24_84.tif,24_65.tif
0.8632234622374501,632.581220082,44_16.tif,44_104.tif
0.86455886781045,15752.6646635,28_56.tif,28_60.tif
0.86644553072595,3417.39491426,34_103.tif,34_63.tif
0.866527632951,17520.8730091,42_32.tif,42_94.tif
0.8667208151803499,390.68145592,41_22.tif,41_12.tif
0.86692103133225,4488.03565048,41_102.tif,41_110.tif
0.8674212512076,3489.34779006,24_81.tif,24_52.tif
0.86843559977775,4280.3620174,37_54.tif,37_22.tif
0.8686565371455,6784.03574578,16_89.tif,16_34.tif
0.86878943932815,14202.3047425,13_36.tif,13_105.tif
0.8688620042701499,2592.45694275,41_21.tif,41_17.tif
0.8707821756672,15433.9506284,32_108.tif,32_19.tif
0.8715137526438,7436.06367644,1_24.tif,1_61.tif
0.8719184430039,1873.06006311,5_2.tif,5_18.tif
0.8719299736551,4733.94465536,37_49.tif,37_93.tif
0.87301888583175,9410.89900063,7_14.tif,7_54.tif
0.8740088105733,6683.40526977,4_74.tif,4_81.tif
0.87521312007765,9630.94154276,31_58.tif,31_10.tif
0.8753445635532,14883.8238702,34_64.tif,34_19.tif
0.87576710073345,10022.9637333,13_41.tif,13_15.tif
0.8758367867382,15944.6280295,36_57.tif,36_79.tif
0.87601059854535,11159.2511397,1_3.tif,1_54.tif
0.8769156758976,1706.75715906,42_4.tif,42_96.tif
0.8781094527365999,17054.2843884,26_99.tif,26_95.tif
0.8785914147267,18094.0691941,28_15.tif,28_64.tif
0.8793423167252999,2642.41556156,43_58.tif,43_39.tif
0.8800108342367999,11132.0940977,4_8.tif,4_18.tif
0.8807869325865001,5487.16074122,44_70.tif,44_76.tif
0.8814814814823,7251.07936793,17_90.tif,18_13.tif
0.8835478173111,14066.5916981,37_41.tif,37_52.tif
0.8854286812767,20821.781432,38_71.tif,38_72.tif
0.88578028747335,12948.5901935,13_31.tif,13_20.tif
0.8891549436294001,7513.86272166,42_38.tif,42_110.tif
0.8896927558011001,10378.6799257,23_89.tif,23_61.tif
0.8906700865669499,3449.71158215,31_50.tif,31_29.tif
0.8908968566772,11669.9803342,42_46.tif,42_41.tif
0.891173184357,0.0,7_98.tif,7_117.tif
0.8944034480508,2777.79750882,36_53.tif,36_38.tif
0.8945977011501,3490.50368858,29_29.tif,29_51.tif
0.896871378912,3251.34895082,7_29.tif,7_7.tif
0.8971215351819,17123.5782768,44_28.tif,44_98.tif
0.89818718381055,3277.86531145,5_36.tif,5_31.tif
0.9010168758124499,20191.0897428,20_118.tif,20_28.tif
0.9015128125956,2594.54774479,3_4.tif,3_6.tif
0.9017557703685001,5576.46904412,46_10.tif,46_38.tif
0.90252707581215,0.0,26_37.tif,26_115.tif
0.9048758440998,14422.253742,32_91.tif,32_34.tif
0.9050105340288,2835.10176184,30_101.tif,30_87.tif
0.9054009819963,1438.82730027,42_70.tif,42_80.tif
0.90545402216205,12319.4305063,7_5.tif,7_54.tif
0.90597866534325,2138.99532491,24_37.tif,24_5.tif
0.90628624449195,10280.4442511,32_53.tif,32_78.tif
0.90681165986925,7688.87046321,42_7.tif,42_94.tif
0.9074609600937,10062.7303452,26_28.tif,26_21.tif
0.90979381443315,6403.4812407,21_98.tif,21_42.tif
0.9120958953878999,13733.682718,42_109.tif,42_83.tif
0.91445544554475,3285.43360913,3_95.tif,3_81.tif
0.91572248952435,7759.27006876,42_93.tif,42_22.tif
0.9165113678722501,3684.97028482,1_111.tif,1_113.tif
0.92026335040215,4803.71314714,13_76.tif,13_22.tif
0.9215557020428999,1101.57205847,43_18.tif,43_39.tif
0.92178078797505,6194.33951281,34_46.tif,34_106.tif
0.9225487064832,4274.79519977,41_7.tif,41_55.tif
0.92258666252175,12824.2386909,36_116.tif,36_117.tif
0.92633875634385,6589.18629271,7_100.tif,7_7.tif
0.9296096684631,8641.55576271,7_112.tif,7_64.tif
0.934847315622,19536.8398673,16_67.tif,16_33.tif
0.93720023980785,8147.90917966,10_26.tif,10_30.tif
0.9418752085414499,5672.03737646,8_47.tif,8_10.tif
1,0.0,17_83.tif,18_102.tif
1,0.0,18_75.tif,17_117.tif
1,0.0,21_23.tif,21_114.tif
1,0.0,31_48.tif,31_95.tif
1,23.8117617996,40_111.tif,40_38.tif
1,29.1032644217,25_102.tif,25_94.tif
1,34.6987031458,12_48.tif,12_4.tif
1,36.5923489271,13_50.tif,13_109.tif
1,49.7393204618,31_8.tif,31_28.tif
1,49.8598034493,12_13.tif,12_111.tif
1,50.2095608425,25_40.tif,25_110.tif
1,55.6776436283,40_52.tif,40_72.tif
1,66.1135387043,8_62.tif,8_114.tif
1,69.6347614342,8_79.tif,8_114.tif
1,78.6511284089,13_113.tif,13_92.tif
1,99.8298552538,32_43.tif,32_100.tif
1,121.876987163,21_19.tif,21_39.tif
1,154.051939293,27_56.tif,27_49.tif
1,154.197924759,17_100.tif,17_72.tif
1,215.264953023,28_5.tif,28_21.tif
1,222.780160697,40_95.tif,40_64.tif
1,261.874015511,31_55.tif,31_93.tif
1,283.561280855,30_49.tif,30_95.tif
1,298.866190794,47_93.tif,47_22.tif
1,357.680024603,18_5.tif,18_102.tif
1,359.144817588,22_46.tif,22_111.tif
1,378.428328749,5_68.tif,5_32.tif
1,436.129567904,47_78.tif,47_81.tif
1,476.344413214,4_89.tif,4_93.tif
1,530.357426647,30_44.tif,30_90.tif
1,543.672695654,47_1.tif,47_95.tif
1,550.145435317,47_19.tif,47_79.tif
1,584.457012962,14_59.tif,14_5.tif
1,621.63333244,39_73.tif,39_33.tif
1,634.870853009,47_11.tif,47_100.tif
1,649.398952879,39_79.tif,39_89.tif
1,652.463025772,39_14.tif,39_89.tif
1,652.959416809,30_97.tif,30_114.tif
1,670.797286816,40_102.tif,40_5.tif
1,696.398592761,8_58.tif,8_27.tif
1,697.253899236,45_15.tif,45_85.tif
1,697.611639811,28_80.tif,28_9.tif
1,730.384830072,5_98.tif,5_59.tif
1,842.093819001,30_106.tif,30_78.tif
1,949.345037381,27_19.tif,27_89.tif
1,949.698899652,26_41.tif,26_80.tif
1,974.081105453,12_65.tif,12_74.tif
1,996.175687316,31_61.tif,31_95.tif
1,1006.13716759,22_21.tif,22_7.tif
1,1056.426997,39_118.tif,39_38.tif
1,1083.46158215,21_9.tif,21_101.tif
1,1121.09901436,39_46.tif,39_76.tif
1,1249.63994815,19_113.tif,19_94.tif
1,1798.92857001,39_83.tif,39_82.tif
1,1827.0831946,21_35.tif,21_21.tif
1,1842.05021647,47_68.tif,47_70.tif
1,1850.7674084,47_120.tif,47_22.tif
1,2126.2610376,27_24.tif,27_5.tif
1,2261.66951609,6_109.tif,6_47.tif
1,2436.22371715,43_86.tif,43_119.tif
1,2523.62655716,46_19.tif,46_107.tif
1,2576.031638,46_66.tif,46_94.tif
1,2599.144667,8_91.tif,8_3.tif
1,2888.37116728,47_72.tif,47_69.tif
1,2936.03337856,30_37.tif,30_24.tif
1,2975.06285648,21_107.tif,21_22.tif
1,3254.6090395,5_90.tif,5_117.tif
1,3452.14831663,36_39.tif,36_46.tif
1,3533.82469854,21_30.tif,21_63.tif
1,3711.02425214,44_1.tif,44_13.tif
1,3903.80967774,46_5.tif,46_104.tif
1,3922.97629358,47_27.tif,47_80.tif
1,4004.02772218,6_78.tif,6_23.tif
1,4004.12712086,16_59.tif,16_14.tif
1,4143.33947439,5_56.tif,5_27.tif
1,4167.48377321,2_83.tif,2_52.tif
1,4214.56083121,5_119.tif,5_41.tif
1,4276.90250064,47_82.tif,47_61.tif
1,4327.79458847,30_86.tif,30_42.tif
1,4386.47386861,14_7.tif,14_46.tif
1,4393.9931725,1_8.tif,1_31.tif
1,4425.34348949,5_86.tif,5_99.tif
1,4462.61660912,8_96.tif,8_113.tif
1,4479.88961918,6_38.tif,6_83.tif
1,4497.98721652,36_20.tif,36_77.tif
1,4554.6665081,36_47.tif,36_43.tif
1,4562.97129073,46_30.tif,46_2.tif
1,4566.93015055,46_55.tif,46_2.tif
1,4575.7299964,43_41.tif,43_69.tif
1,4580.53130106,47_55.tif,47_105.tif
1,4605.38847439,30_72.tif,30_17.tif
1,4647.68619853,17_44.tif,18_42.tif
1,4684.75474278,43_66.tif,43_69.tif
1,4754.79999579,19_87.tif,19_92.tif
1,4794.25301794,30_29.tif,30_119.tif
1,4799.58154426,21_51.tif,21_3.tif
1,4823.28829742,40_62.tif,40_73.tif
1,5160.94613419,47_48.tif,47_21.tif
1,5161.26554248,47_63.tif,47_21.tif
1,5171.98134181,47_98.tif,47_31.tif
1,5176.18150764,6_17.tif,6_55.tif
1,5176.260716,1_21.tif,1_115.tif
1,5179.81920534,47_114.tif,47_31.tif
1,5179.88233457,6_98.tif,6_2.tif
1,5241.18211857,10_61.tif,10_29.tif
1,5246.90175246,2_5.tif,2_13.tif
1,5267.59470726,22_26.tif,22_70.tif
1,5301.66662475,39_55.tif,39_53.tif
1,5308.54829497,1_86.tif,1_112.tif
1,5337.12188356,33_61.tif,33_37.tif
1,5343.89240161,5_60.tif,5_25.tif
1,5411.19118125,31_92.tif,31_105.tif
1,5535.38733965,7_46.tif,7_47.tif
1,5543.04771764,25_62.tif,25_24.tif
1,5582.06413435,10_44.tif,10_82.tif
1,5609.85204796,25_113.tif,25_118.tif
1,5633.06905692,6_21.tif,6_99.tif
1,5717.61847276,4_117.tif,4_82.tif
1,5725.26776666,6_88.tif,6_80.tif
1,5733.12645945,36_88.tif,36_12.tif
1,5734.96085427,30_8.tif,30_20.tif
1,5760.17716741,43_79.tif,43_33.tif
1,5789.72650477,46_116.tif,46_53.tif
1,5820.02671815,39_97.tif,39_13.tif
1,5849.37791564,43_72.tif,43_17.tif
1,5860.50185564,45_108.tif,45_23.tif
1,5892.9189711,5_15.tif,5_118.tif
1,5956.47689494,22_37.tif,22_61.tif
1,5970.43315012,2_17.tif,2_43.tif
1,6064.65571982,16_76.tif,16_109.tif
1,6276.96973069,8_105.tif,8_22.tif
1,6348.3649076,30_68.tif,30_114.tif
1,6581.39453308,46_44.tif,46_49.tif
1,6591.36199886,1_5.tif,1_115.tif
1,6672.46094031,27_88.tif,27_17.tif
1,6712.8811996,13_4.tif,13_72.tif
1,6802.56128234,12_106.tif,12_59.tif
1,6815.82115376,39_32.tif,39_42.tif
1,6822.478362,7_32.tif,7_40.tif
1,6825.24321911,38_78.tif,38_45.tif
1,6854.68452958,8_68.tif,8_45.tif
1,6877.7310212,30_19.tif,30_120.tif
1,6880.5675638,1_120.tif,1_31.tif
1,6927.42686717,21_65.tif,21_59.tif
1,6952.97130729,31_68.tif,31_77.tif
1,7017.45217298,1_60.tif,1_31.tif
1,7066.77995978,25_93.tif,25_24.tif
1,7117.06948118,22_8.tif,22_52.tif
1,7133.99915896,39_37.tif,39_70.tif
1,7135.7310067,31_104.tif,31_69.tif
1,7178.35412891,28_44.tif,28_48.tif
1,7188.87967628,46_8.tif,46_59.tif
1,7192.02030031,45_31.tif,45_115.tif
1,7221.90951203,30_14.tif,30_109.tif
1,7231.02606827,5_29.tif,5_120.tif
1,7304.86228481,35_72.tif,35_73.tif
1,7368.98907585,40_120.tif,40_90.tif
1,7391.93337362,45_92.tif,45_11.tif
1,7398.99398567,38_27.tif,38_61.tif
1,7415.04093043,36_102.tif,36_31.tif
1,7415.66544553,45_88.tif,45_106.tif
1,7434.64733528,21_14.tif,21_17.tif
1,7490.10914473,46_61.tif,46_73.tif
1,7569.00171753,15_94.tif,15_119.tif
1,7587.82043804,40_107.tif,40_75.tif
1,7605.62114492,1_97.tif,1_13.tif
1,7663.99451983,21_58.tif,21_90.tif
1,7712.10801273,24_85.tif,24_117.tif
1,7760.83571531,5_74.tif,5_113.tif
1,7784.49651551,47_104.tif,47_92.tif
1,7806.84436889,4_48.tif,4_100.tif
1,7831.32523906,25_68.tif,25_74.tif
1,7854.28036169,2_99.tif,2_103.tif
1,7874.78152078,14_28.tif,14_46.tif
1,7875.67146344,30_54.tif,30_80.tif
1,7901.605976,46_120.tif,46_99.tif
1,7956.51990508,40_32.tif,40_92.tif
1,7988.57484161,23_16.tif,23_76.tif
1,8002.70185625,8_120.tif,8_71.tif
1,8003.0326127,39_88.tif,39_18.tif
1,8033.86700164,25_47.tif,25_24.tif
1,8080.23167985,17_9.tif,17_24.tif
1,8118.10735332,8_73.tif,8_37.tif
1,8178.22297324,10_90.tif,10_51.tif
1,8269.13223984,42_95.tif,42_53.tif
1,8287.27144481,2_45.tif,2_46.tif
1,8346.93925939,45_97.tif,45_71.tif
1,8362.94906119,14_40.tif,14_80.tif
1,8381.56208591,46_23.tif,46_22.tif
1,8397.70754432,5_104.tif,5_115.tif
1,8610.8412481,5_50.tif,5_80.tif
1,8824.12902218,21_41.tif,21_1.tif
1,8897.95841752,2_27.tif,2_112.tif
1,8950.09402185,5_111.tif,5_88.tif
1,9012.69221709,43_13.tif,43_57.tif
1,9013.50115105,14_34.tif,14_4.tif
1,9043.15774495,18_89.tif,18_78.tif
1,9200.40749098,40_41.tif,40_34.tif
1,9218.77491861,22_90.tif,22_17.tif
1,9296.89254536,22_59.tif,22_63.tif
1,9334.49859393,46_37.tif,46_42.tif
1,9370.15293365,39_28.tif,39_54.tif
1,9533.08984538,6_62.tif,6_55.tif
1,9670.56668453,40_22.tif,40_118.tif
1,9699.95278339,36_94.tif,36_81.tif
1,9735.48827743,39_6.tif,39_63.tif
1,9745.11549444,22_54.tif,22_110.tif
1,9767.8823703,18_38.tif,18_113.tif
1,9864.24442114,17_73.tif,18_68.tif
1,9903.58223069,40_80.tif,40_79.tif
1,9922.14382077,46_110.tif,46_103.tif
1,9941.12010792,14_117.tif,14_58.tif
1,9955.32395254,2_55.tif,2_108.tif
1,9968.94131791,1_68.tif,1_19.tif
1,9990.90881752,13_119.tif,13_112.tif
1,10085.011998,27_83.tif,27_11.tif
1,10132.3113849,39_64.tif,39_94.tif
1,10193.5179403,30_62.tif,30_18.tif
1,10230.726416,43_116.tif,43_44.tif
1,10244.0733598,18_10.tif,17_103.tif
1,10244.9388968,25_81.tif,25_59.tif
1,10273.6577225,25_119.tif,25_109.tif
1,10285.460612,39_50.tif,39_62.tif
1,10338.1204771,5_10.tif,5_102.tif
1,10341.1210708,30_111.tif,30_99.tif
1,10390.2952316,14_13.tif,14_82.tif
1,10406.1023923,17_20.tif,18_116.tif
1,10423.4052018,40_9.tif,40_43.tif
1,10474.600422,17_105.tif,17_64.tif
1,10502.5644964,29_111.tif,29_56.tif
1,10558.345609,17_59.tif,18_106.tif
1,10559.0717395,21_117.tif,21_108.tif
1,10779.9884972,9_59.tif,9_93.tif
1,10841.8236473,22_64.tif,22_116.tif
1,10849.6799492,46_84.tif,46_60.tif
1,10875.0737009,24_63.tif,24_67.tif
1,10964.8702227,33_17.tif,33_109.tif
1,11008.0042242,39_23.tif,39_34.tif
1,11066.4097611,17_25.tif,17_62.tif
1,11207.6082194,6_113.tif,6_69.tif
1,11247.840815,13_96.tif,13_100.tif
1,11279.2172157,6_51.tif,6_69.tif
1,11293.4163122,21_102.tif,21_48.tif
1,11380.8229052,34_118.tif,34_26.tif
1,11484.5602876,25_21.tif,25_41.tif
1,11524.3754711,22_31.tif,22_94.tif
1,11536.9589147,1_114.tif,1_65.tif
1,11543.4800645,27_1.tif,27_80.tif
1,11570.1665502,6_43.tif,6_79.tif
1,11625.2229656,18_8.tif,18_96.tif
1,11646.09295,4_54.tif,4_83.tif
1,11689.1866697,18_99.tif,17_67.tif
1,11714.25529,25_108.tif,25_99.tif
1,11730.1464185,28_38.tif,28_53.tif
1,11750.9245594,9_102.tif,9_105.tif
1,11805.5331519,44_19.tif,44_26.tif
1,11907.5646125,25_34.tif,25_24.tif
1,11912.2912993,2_93.tif,2_95.tif
1,12029.2841849,12_30.tif,12_29.tif
1,12046.429388,12_36.tif,12_93.tif
1,12061.5198876,35_29.tif,35_73.tif
1,12085.5272537,31_74.tif,31_66.tif
1,12298.437665,18_60.tif,17_46.tif
1,12302.7542851,12_97.tif,12_90.tif
1,12409.2419591,43_94.tif,43_103.tif
1,12433.8402354,2_76.tif,2_11.tif
1,12465.1152421,28_59.tif,28_9.tif
1,12504.5468131,28_110.tif,28_7.tif
1,12558.6641806,6_67.tif,6_64.tif
1,12678.216515,8_84.tif,8_42.tif
1,12794.6454034,10_13.tif,10_29.tif
1,12829.0388572,12_92.tif,12_38.tif
1,12932.5089986,31_11.tif,31_49.tif
1,12978.3565986,4_67.tif,4_68.tif
1,13003.7423844,36_78.tif,36_67.tif
1,13065.9863768,40_17.tif,40_101.tif
1,13088.2691751,18_25.tif,17_61.tif
1,13092.604821,9_76.tif,9_54.tif
1,13123.6016779,18_94.tif,17_86.tif
1,13151.1698719,2_115.tif,2_63.tif
1,13153.4143476,18_11.tif,18_32.tif
1,13196.5712592,40_48.tif,40_60.tif
1,13234.6542078,21_83.tif,21_38.tif
1,13284.7726364,8_43.tif,8_65.tif
1,13346.0274239,31_19.tif,31_45.tif
1,13377.586591,46_9.tif,46_109.tif
1,13694.8085784,11_29.tif,11_15.tif
1,13702.508493,2_40.tif,2_113.tif
1,13848.8535627,4_14.tif,4_87.tif
1,13891.9161745,33_108.tif,33_63.tif
1,13951.0283492,4_32.tif,4_107.tif
1,14026.5795545,27_79.tif,27_77.tif
1,14180.3940354,17_63.tif,18_115.tif
1,14250.5010789,33_118.tif,33_106.tif
1,14287.3332361,36_28.tif,36_6.tif
1,14287.949468,6_118.tif,6_55.tif
1,14288.7029502,26_13.tif,26_120.tif
1,14289.136188,17_32.tif,18_113.tif
1,14331.4785699,38_48.tif,38_26.tif
1,14449.6735257,4_38.tif,4_12.tif
1,14567.2799108,27_93.tif,27_76.tif
1,14574.2826925,46_106.tif,46_109.tif
1,14600.3867415,1_73.tif,1_31.tif
1,14611.7761754,28_20.tif,28_39.tif
1,14638.4022694,14_64.tif,14_74.tif
1,14953.63083,45_27.tif,45_32.tif
1,14954.903878,31_98.tif,31_46.tif
1,14964.7418621,15_67.tif,15_119.tif
1,15000.1580992,27_65.tif,27_66.tif
1,15008.3228577,16_68.tif,16_51.tif
1,15109.3749043,2_61.tif,2_86.tif
1,15178.222162,22_119.tif,22_2.tif
1,15204.5445838,42_50.tif,42_87.tif
1,15206.1314607,18_30.tif,17_5.tif
1,15255.678451,35_41.tif,35_17.tif
1,15266.3930907,4_101.tif,4_86.tif
1,15267.8877059,10_106.tif,10_65.tif
1,15374.8836418,27_50.tif,27_97.tif
1,15424.2563192,22_96.tif,22_76.tif
1,15544.4259141,12_82.tif,12_50.tif
1,15601.0844495,3_68.tif,3_28.tif
1,15649.2741046,45_38.tif,45_100.tif
1,15677.5590256,36_73.tif,36_92.tif
1,15721.9417694,18_119.tif,17_87.tif
1,15728.1579659,38_106.tif,38_34.tif
1,15766.2554527,13_70.tif,13_1.tif
1,15839.2385865,27_108.tif,27_80.tif
1,15901.4271372,24_53.tif,24_97.tif
1,15956.098552,44_72.tif,44_23.tif
1,16045.3937315,22_102.tif,22_53.tif
1,16066.4082794,27_30.tif,27_48.tif
1,16087.2119088,2_110.tif,2_70.tif
1,16132.0928896,6_33.tif,6_116.tif
1,16133.750339,6_93.tif,6_116.tif
1,16230.3367494,44_80.tif,44_93.tif
1,16282.892587,12_54.tif,12_67.tif
1,16399.6915215,14_95.tif,14_116.tif
1,16421.333472,27_60.tif,27_110.tif
1,16441.1317129,40_76.tif,40_4.tif
1,16449.0933489,8_11.tif,8_71.tif
1,16548.7302232,4_21.tif,4_107.tif
1,16697.8386026,38_68.tif,38_4.tif
1,16794.5104722,8_32.tif,8_35.tif
1,16799.3975785,45_67.tif,45_71.tif
1,16814.4885144,12_78.tif,12_83.tif
1,16887.0247824,34_38.tif,34_113.tif
1,17011.5401713,39_103.tif,39_21.tif
1,17012.6097939,17_4.tif,17_101.tif
1,17249.3953807,45_49.tif,45_25.tif
1,17251.0262014,15_113.tif,15_2.tif
1,17289.5711051,46_95.tif,46_109.tif
1,17394.4283321,27_103.tif,27_15.tif
1,17427.0130545,44_99.tif,44_94.tif
1,17530.2358798,12_72.tif,12_28.tif
1,17635.1024664,2_21.tif,2_111.tif
1,17702.8479347,1_103.tif,1_117.tif
1,17760.1355288,40_71.tif,40_106.tif
1,17776.9076895,12_100.tif,12_10.tif
1,17931.5147157,17_95.tif,18_117.tif
1,17963.9103761,1_30.tif,1_93.tif
1,17992.6440247,29_98.tif,29_114.tif
1,18091.9834734,4_84.tif,4_58.tif
1,18146.8102156,2_71.tif,2_69.tif
1,18158.5381295,5_38.tif,5_81.tif
1,18194.747264,3_99.tif,3_108.tif
1,18195.9175092,45_20.tif,45_80.tif
1,18258.1867391,39_69.tif,39_11.tif
1,18306.3599058,10_75.tif,10_17.tif
1,18306.4335959,29_47.tif,29_104.tif
1,18335.4053678,33_28.tif,33_90.tif
1,18344.8159707,32_67.tif,32_83.tif
1,18375.4388247,43_2.tif,43_5.tif
1,18470.4721651,28_74.tif,28_55.tif
1,18510.7439343,28_103.tif,28_46.tif
1,18557.3527207,38_117.tif,38_45.tif
1,18650.7511645,6_56.tif,6_44.tif
1,18660.3172535,2_67.tif,2_14.tif
1,18825.8514548,33_113.tif,33_65.tif
1,18888.3178446,27_40.tif,27_76.tif
1,19007.5521044,45_82.tif,45_109.tif
1,19031.5722157,29_83.tif,29_45.tif
1,19086.4884932,27_35.tif,27_86.tif
1,19087.2087797,18_114.tif,18_43.tif
1,19104.0037427,39_109.tif,39_36.tif
1,19139.8558511,14_76.tif,14_43.tif
1,19167.7876658,26_67.tif,26_43.tif
1,19188.1597606,26_34.tif,26_33.tif
1,19382.670817,10_10.tif,10_5.tif
1,19408.9548405,31_27.tif,31_105.tif
1,19424.079206,15_15.tif,15_93.tif
1,19525.7041358,12_18.tif,12_64.tif
1,19644.0577529,29_28.tif,29_48.tif
1,19646.8993482,2_89.tif,2_29.tif
1,19669.7417116,16_4.tif,16_62.tif
1,19709.9530441,10_117.tif,10_6.tif
1,19822.5412094,25_52.tif,25_49.tif
1,19888.6640577,12_88.tif,12_116.tif
1,19910.224283,39_41.tif,39_45.tif
1,19916.3114808,3_44.tif,3_91.tif
1,19927.7485432,35_78.tif,35_56.tif
1,19939.0310697,26_51.tif,26_106.tif
1,20197.6684298,31_43.tif,31_99.tif
1,20240.8201415,2_106.tif,2_108.tif
1,20241.3638374,26_107.tif,26_33.tif
1,20268.5476786,46_70.tif,46_13.tif
1,20279.9914941,2_31.tif,12_10.tif
1,20319.2209742,27_98.tif,27_32.tif
1,20319.6964052,9_119.tif,9_117.tif
1,20364.2643619,12_110.tif,12_119.tif
1,20501.3067388,2_101.tif,2_50.tif
1,20738.7473344,20_116.tif,20_31.tif
1,20757.7843471,27_118.tif,27_114.tif
1,20832.7742752,45_43.tif,45_40.tif
1,20877.2697209,13_28.tif,13_114.tif
1,21006.4559362,44_91.tif,44_81.tif
1,21026.537637,45_72.tif,45_95.tif
1,21078.6372425,40_27.tif,40_4.tif
1,21101.9207183,21_96.tif,21_15.tif
1,21217.3619237,24_120.tif,24_15.tif
1,21283.0446365,13_107.tif,13_47.tif
1,21298.9468049,15_88.tif,15_5.tif
1,21304.9459281,33_47.tif,33_9.tif
1,21347.2542731,8_19.tif,8_116.tif
1,21430.3502305,33_91.tif,33_57.tif
1,21452.7564196,13_6.tif,13_47.tif
1,21594.1372599,14_19.tif,14_110.tif
1,21633.2075985,20_81.tif,20_46.tif
1,21658.735651,21_74.tif,21_26.tif
1,21728.4399348,17_68.tif,18_37.tif
1,21780.8827186,39_92.tif,39_15.tif
1,21891.4127,45_58.tif,45_98.tif
1,21950.8769301,2_120.tif,2_116.tif
1,21986.0852132,4_111.tif,4_56.tif
1,22075.9954702,9_109.tif,9_83.tif
1,22124.505712,10_53.tif,10_65.tif
1,22154.8057766,26_9.tif,26_94.tif
1,22172.1568865,2_36.tif,2_80.tif
1,22199.1877104,9_89.tif,9_91.tif
1,22232.4474586,18_104.tif,17_66.tif
1,22248.4557442,40_116.tif,40_13.tif
1,22259.2891396,21_47.tif,21_50.tif
1,22290.0971285,22_114.tif,22_3.tif
1,22325.8046216,38_63.tif,38_66.tif
1,22326.2227213,37_70.tif,37_87.tif
1,22340.8518862,16_32.tif,16_102.tif
1,22348.092715,40_37.tif,40_39.tif
1,22419.6539224,17_11.tif,17_42.tif
1,22443.6828751,36_62.tif,36_106.tif
1,22514.5704378,34_104.tif,34_77.tif
1,22566.9070765,12_40.tif,12_10.tif
1,22727.6755301,3_11.tif,3_88.tif
1,23012.3407762,6_73.tif,6_44.tif
1,23401.5036269,40_57.tif,40_12.tif
1,23418.9932747,38_15.tif,38_88.tif
1,23463.5525656,16_91.tif,16_102.tif
1,23501.8607136,27_46.tif,27_32.tif
1,23519.8779546,16_18.tif,16_87.tif
1,23565.7201884,29_39.tif,29_115.tif
1,23626.5978931,27_113.tif,27_114.tif
1,23675.6301922,22_75.tif,22_7.tif
1,23677.4869021,6_82.tif,6_42.tif
1,23709.4144382,24_42.tif,13_66.tif
1,23778.8721558,29_118.tif,12_10.tif
1,23895.7986265,5_43.tif,5_32.tif
1,23947.2090232,33_39.tif,33_57.tif
1,24004.1193548,8_51.tif,8_40.tif
1,24070.6716566,40_85.tif,40_6.tif
1,24193.4238379,10_21.tif,10_74.tif
1,24197.1782446,3_101.tif,3_112.tif
1,24350.075811,20_86.tif,20_12.tif
1,24421.9017073,43_101.tif,43_16.tif
1,24639.549793,21_112.tif,21_44.tif
1,24666.4001832,17_13.tif,17_49.tif
1,24686.0135907,6_103.tif,6_79.tif
1,24751.4062833,23_106.tif,25_91.tif
1,25094.2434235,11_75.tif,11_41.tif
1,25160.2688777,18_84.tif,18_43.tif
1,25192.3076355,31_33.tif,31_99.tif
1,25265.9158947,17_50.tif,18_6.tif
1,25324.8439482,9_2.tif,9_6.tif
1,25420.1045238,26_10.tif,12_10.tif
1,25520.512201,40_67.tif,38_88.tif
1,25579.0009578,13_83.tif,13_38.tif
1,25622.654839,23_45.tif,12_10.tif
1,25760.7159644,8_39.tif,8_49.tif
1,25765.6864842,33_73.tif,38_88.tif
1,25893.9002856,13_101.tif,25_50.tif
1,25945.307225,4_71.tif,8_27.tif
1,26078.6889433,28_94.tif,25_15.tif
1,26142.8020686,35_52.tif,12_118.tif
1,26154.7285017,43_48.tif,26_31.tif
1,26267.6408153,27_7.tif,27_100.tif
1,26505.1223351,22_84.tif,22_29.tif
1,26514.2934848,12_60.tif,12_10.tif
1,26585.2502903,33_55.tif,33_18.tif
1,26709.4254712,22_41.tif,22_2.tif
1,26766.889173,18_16.tif,17_6.tif
1,26797.6306602,35_65.tif,35_95.tif
1,26962.820216,29_54.tif,29_81.tif
1,27020.2901169,26_60.tif,26_101.tif
1,27256.5461495,3_60.tif,3_107.tif
1,27300.3373606,34_50.tif,12_10.tif
1,27319.3474117,45_112.tif,45_70.tif
1,27551.0815033,24_109.tif,40_115.tif
1,27673.5439545,16_112.tif,12_10.tif
1,27679.8864701,11_60.tif,25_50.tif
1,27735.1156659,28_12.tif,12_118.tif
1,27799.4553903,39_1.tif,12_10.tif
1,27914.8077192,3_90.tif,41_112.tif
1,28031.9036457,5_79.tif,26_31.tif
1,28035.1446759,10_80.tif,40_34.tif
1,28100.4360642,3_85.tif,3_83.tif
1,28183.5469556,3_23.tif,3_107.tif
1,28266.3948356,20_16.tif,40_34.tif
1,28297.8073356,37_110.tif,37_20.tif
1,28453.4898738,9_49.tif,27_102.tif
1,28626.3655395,20_39.tif,40_34.tif
1,28723.9741505,45_119.tif,45_69.tif
1,29023.6126283,20_111.tif,12_10.tif
1,29041.1162492,5_22.tif,12_10.tif
1,29202.5131795,4_61.tif,4_120.tif
1,29318.7925399,39_113.tif,39_58.tif
1,29351.7006833,20_56.tif,20_12.tif
1,29683.8760104,45_102.tif,45_47.tif
1,29786.3144078,9_34.tif,9_20.tif
1,30612.3565248,14_52.tif,40_14.tif
1,30722.2340659,45_62.tif,45_79.tif
1,30901.2883065,3_31.tif,3_94.tif
